text,username,timestamp,sentiment
the historical take of kingdom of samaria is odd because even with that take they should only have like tel aviv to jericho and up,n1ghtlies,"2023-10-16 18:02:54,215",0
@cattleprodbaby but why did the US ever begin to support Israel? Just for influence in the middle east?,luluwoo_,"2023-10-16 18:02:54,790",0
Hmmm,artmostly,"2023-10-16 18:02:55,096",
Hmmm,electrifiedoreo,"2023-10-16 18:02:55,889",0
"@Mijnboot, @geopan94 @GeorgeKushhh GIGAHAS who needs teammates",mangobreezy,"2023-10-16 18:02:55,998",1
what a joke of an offer jeezus,ghostfaceninja_,"2023-10-16 18:02:59,259",-1
@iwillqt we did,toxicsjw,"2023-10-16 18:02:59,891",0
It always goes back to the British. Brituminati,therealnoblepain,"2023-10-16 18:03:00,063",-1
LEFTOVERS PODCAST LATEST EPISODE: Israel vs Gaza - Leftovers #61 - https://youtu.be/JFznOHunD_c | Find past episodes on the YouTube playlist t.co/NFgZp6hhzM and other platforms pod.link/1186098620,fossabot,"2023-10-16 18:03:00,092",0
"@ilanishere So fucking stupid, they are either freedom fighters or terrorists, can't be either, and can't be both
""
",hasanisabi,"2023-10-16 18:03:09,843",-1
like America in middle east KEKW,madondo,"2023-10-16 18:03:10,663",1
nobody1467 just subbed using Prime for 7 months! bleedPurple https://twitch.amazon.com/tp,fossabot,"2023-10-16 18:03:11,712",0
YEP,celtickingdom,"2023-10-16 18:03:11,994",1
@justmikety true has5,tg_nik0n,"2023-10-16 18:03:12,716",1
god i love brits üò≠üò≠üò≠ just look at the way they fucking look OMEGALUL üëâ 3Head,leastderangedgrayname,"2023-10-16 18:03:14,954",1
HAHAHA,celtickingdom,"2023-10-16 18:03:20,456",1
@hasanabi my poor sister is named Nili after the espionage group,diamondsandblueberries,"2023-10-16 18:03:20,698",0
"@hasanabi Isn't that like dividing India and Pakistan, and only give Pakistan 1/5 of total land it currently has? WTF UN???
""
",peterp_,"2023-10-16 18:03:21,725",-1
@iwillqt that was a terrible display of debate pervertry on both sides,kingofmemesandcringe,"2023-10-16 18:03:22,934",-1
doubt,platypus_dreaming,"2023-10-16 18:03:23,360",-1
"@luluwoo_ from world war 2, and they supported the jews not israel",atlasvalr,"2023-10-16 18:03:23,770",0
"I'm assuming Italians aren't turkish at this point
""
",vesperacrow,"2023-10-16 18:03:24,690",0
!donate,dunco11,"2023-10-16 18:03:24,754",0
@Dunco11 Donate to support the people of Palestine with much needed medical assistance: https://donate.tiltify.com/@hasanabi/palestinian-medical-assistance,fossabot,"2023-10-16 18:03:24,991",0
Sure,haarlep,"2023-10-16 18:03:26,153",0
Sure,musicgusto,"2023-10-16 18:03:27,762",0
Sure,celtickingdom,"2023-10-16 18:03:28,581",0
How much money did they raise for Palestine,itsfridaybabee,"2023-10-16 18:03:29,914",0
why did US support israel in the first place,nothisispatrick9991,"2023-10-16 18:03:30,323",0
Sure,truckwrangler,"2023-10-16 18:03:30,353",0
Sure,skoalceo,"2023-10-16 18:03:31,452",0
Kappa,bellum128,"2023-10-16 18:03:31,700",1
oopsie,primarchwraith,"2023-10-16 18:03:31,890",-1
The King David Hotel is nice & they talked like the bombing was yesterday in 2013... Surreal place to visit .. un-vacation,holocenehasbeen,"2023-10-16 18:03:33,192",-1
"oops didn't mean to
""
",pikaresque,"2023-10-16 18:03:33,236",0
@ilanishere This has always been a matter of perspective wdym,voxaetheris,"2023-10-16 18:03:34,932",-1
@HasanAbi Chaim Weizmann expected that: ‚Äúpartition might be only a temporary arrangement for the next twenty to twenty-five years‚Äù. Û†ÄÄ,carfreak95,"2023-10-16 18:03:35,370",0
not trying to spam but can we watch the bourdain/gaza video. i uploaded it so you can watch it without being geo-blocked. @hasanabi https://www.veed.io/view/0381dbee-858a-43e6-aa59-73b54fbdc3f9?sharingWidget=true&panel=share,a2thekw,"2023-10-16 18:03:36,363",0
Oopsies,rainbowsunbeams,"2023-10-16 18:03:39,895",-1
Gross,obscure_one_,"2023-10-16 18:03:40,974",-1
unintended Sure,runnyfart,"2023-10-16 18:03:41,489",-1
"@HasanAbi Ben-Gurion wrote: ""After the formation of a large army in the wake of the establishment of the state, we will abolish partition and expand to the whole of Palestine.""",carfreak95,"2023-10-16 18:03:41,895",0
Aljazeera based,zaki243355,"2023-10-16 18:03:44,250",1
it was an oopsie,shworma,"2023-10-16 18:03:44,763",-1
woeisMe,ghostfaceninja_,"2023-10-16 18:03:46,068",-1
@TG_nik0n forgot the -,justmikety,"2023-10-16 18:03:46,439",0
hasHi hasHi hasHi,info_thumbwars84,"2023-10-16 18:03:47,220",1
People act like there aren‚Äôt pieces of shite on both sides of this conflict,trevskinz,"2023-10-16 18:03:47,686",-1
what have they done with the children? will they go to foster care?,clonewores,"2023-10-16 18:03:48,488",0
@nothisispatrick9991 ww2 bro,atlasvalr,"2023-10-16 18:03:48,684",0
Hmmm almost like someone else said something similar,xcrimsonwolfx,"2023-10-16 18:03:49,152",-1
this is why Ben shitero skipped that part in his video,oreeva,"2023-10-16 18:03:50,894",0
so Ben,lord_legolas,"2023-10-16 18:03:51,726",0
750000 Palestinians being expelled was just an accident,hellblazer965,"2023-10-16 18:03:51,754",-1
freePalestine From the River to the Sea freePalestine Û†ÄÄ,roros,"2023-10-16 18:03:52,175",1
woeisMe,cyniciewinikie,"2023-10-16 18:03:52,717",-1
Nakba sounds like kristallnacht,mr_sc00b,"2023-10-16 18:03:53,065",0
"benny morris, israeli historian: the only problem was we didn't nakba enough
""
",tehwek,"2023-10-16 18:03:53,541",-1
IsReal?,tempodan918,"2023-10-16 18:03:54,798",0
Fascism leads to hypocrisy WHAAAT,celtickingdom,"2023-10-16 18:03:55,894",-1
monkaW,ebridgette,"2023-10-16 18:03:55,962",-1
where is wasrael?,poopypeepeeman,"2023-10-16 18:03:56,050",0
I believe the British even recognized this would happen with the Woodhead Committee,blizziee_,"2023-10-16 18:03:56,248",0
Hmmm,synthessencevr,"2023-10-16 18:03:56,286",0
"Regarding the King David Hotel bombed, I kid you fucking not, our history teacher in israel told us that the zionist fighters CALLED THE HOTEL STAFF BEFORE BLOWING UP THE BOMB (though he's a chad so he made sure to say that he can't confirm if it's a fact or not, love you Kobi) @HasanAbi
""
",darzex3,"2023-10-16 18:03:57,373",0
@nothisispatrick9991 we need a regional power in the  area,adk_215,"2023-10-16 18:03:58,019",0
"@LeastDerangedGrayname elisDespair SmokeTime do not google ""lord kilclooney"" elisDespair SmokeTime worst mistake of my life",fredportcullis,"2023-10-16 18:03:59,468",-1
@Trevskinz 5Head,musicgusto,"2023-10-16 18:03:59,815",1
Ben gyvir?,zayydzz,"2023-10-16 18:04:01,659",0
"@HasanAbi why don't you mention the human rights abuses that are committed at the top of the hour when there's a 3 minute ad break?
""
",trohuz,"2023-10-16 18:04:03,316",1
israel more like wasreal,andreastreeter,"2023-10-16 18:04:06,473",1
"the nakba wasn't real, but if it was real it was good
""
",anarkidd0,"2023-10-16 18:04:07,057",-1
"It's not holocaust denialism if it's nakba denialism
""
",chatterdaysaint,"2023-10-16 18:04:07,265",-1
Nakba Denial = Holocaust Denial,obscure_one_,"2023-10-16 18:04:07,905",-1
"Israelis be like ""here's why the Nakba didnt happen, but should have""",itschopsticks,"2023-10-16 18:04:08,063",-1
everyone NEEDS A PLACE TO LIVE,fahizzo,"2023-10-16 18:04:09,119",1
"Did you see this report by the UN https://www.ohchr.org/en/press-releases/2023/10/civilians-are-primary-victims-increased-violence-israel-and-occupied ?This is just between May 2021 and August 2023 not even covering the most recent events. They have made ""recommendations"". Clearly there is nothing that will be done urgently. Is it just me does this commission and their reports seem useless at this point. They are now ""investigating"" the events on 7th of October",waldo69_xo,"2023-10-16 18:04:10,285",0
"@waldo69_xo, Your message is too long. Keep it under 450 characters. [warning]",fossabot,"2023-10-16 18:04:10,669",0
you could say... it israel,bronimitchell,"2023-10-16 18:04:10,871",0
@Trevskinz such a brave take,voxaetheris,"2023-10-16 18:04:11,182",1
Ben-Gurion,carfreak95,"2023-10-16 18:04:11,550",0
"@hasanabi haven't met a single normie who knows about the nakba but they all know about the Roman era shit
""
",apollonoir,"2023-10-16 18:04:12,925",0
https://twitter.com/pradaice/status/1713956725097939419?t=q9uhLlh1g3_TAA9UqsZHCQ&s=19 @hasanabi,legndaryssj,"2023-10-16 18:04:13,187",0
@zayydzz ben gurion,trippycolour,"2023-10-16 18:04:14,277",0
"@hasanabi i think the nakba ISREAL, israel‚Ä¶",seanisforever_,"2023-10-16 18:04:16,529",-1
"SIMPLE, EVERYONE NEEDS A FKIN HOUSE",fahizzo,"2023-10-16 18:04:18,760",-1
It‚Äôs against the law to do a rememberence of nakba,rationalemp,"2023-10-16 18:04:19,742",-1
unban my boy jaxaphone he ain‚Äôt do nun wrong,phoenixti,"2023-10-16 18:04:22,549",-1
PogO TomatoTime ?,ovin33r,"2023-10-16 18:04:23,266",0
@nothisispatrick9991 no one in the west wanted their refugees so the UK gave them palestine which was a UK territory. Thats also why the west funds israel,sammycosa,"2023-10-16 18:04:24,079",0
@HasanAbi Remember Ben Gurion was an anti-tankie Socialist,redskail,"2023-10-16 18:04:25,560",0
i dont understand why the west ever wanted Israel to exist,luluwoo_,"2023-10-16 18:04:26,040",-1
Wasreal,wesdoesstuf,"2023-10-16 18:04:26,532",0
Sorry @HasanAbi a better Piker is streaming right now. Caroline Piker. Gotta go,timmayhs,"2023-10-16 18:04:27,975",1
"üò≠ toxicsjw what is that greyname blabberin' on about
""
",resubscribe,"2023-10-16 18:04:28,002",-1
Awkward hesBALD,superpooper,"2023-10-16 18:04:32,124",-1
"did that ""denounce hamas"" guy ever donate like he promised?",zdgro,"2023-10-16 18:04:32,157",0
@GeorgeKushhh @MangoBreezy @Mijnboot oh i thought he threw it 15 yards and then caught it MikePensive,geopan94,"2023-10-16 18:04:33,770",0
not trying to spam but can we watch the bourdain/gaza video. i uploaded it so you can watch it without being geo-blocked. @hasanabi https://www.veed.io/view/0381dbee-858a-43e6-aa59-73b54fbdc3f9?sharingWidget=true&panel=share,a2thekw,"2023-10-16 18:04:34,121",0
"It seems like all of the worlds problems always come back to Britain, even including the actions of the United States being Britain without a royal family",gamernurse2023,"2023-10-16 18:04:34,243",-1
These right wing americn politicians like Ben and matt walsh just want war money,treeko0,"2023-10-16 18:04:34,424",-1
@phoenixti cmon....,toxicsjw,"2023-10-16 18:04:34,837",-1
@seanisforever_ Boo get better material /j,bio_wolf13,"2023-10-16 18:04:35,861",-1
Thank you @hasanabi this is my first time hearing much of this,therealnoblepain,"2023-10-16 18:04:36,134",1
@RationalEMP vile. State mandated erasure,voxaetheris,"2023-10-16 18:04:37,418",-1
"@HasanAbi why don't you mention the human rights abuses that are committed at the top of the hour when there's a 3 minute ad break?
""
",froggofast,"2023-10-16 18:04:39,172",1
Manifest disstony,kippawah,"2023-10-16 18:04:39,650",0
"seems like no matter what the solution ends up being... israel isn't going anywhere
""
",spotacuss,"2023-10-16 18:04:45,897",0
@seanisforever_ log out of your account üî´üòê,leastderangedgrayname,"2023-10-16 18:04:46,357",-1
@bio_wolf13 i‚Äôll start writing,seanisforever_,"2023-10-16 18:04:47,740",0
peepoSmile,celtickingdom,"2023-10-16 18:04:50,095",1
"HOGO HE'S JUST LIKE ME 1776 BROTHER
""
",hasanisabi,"2023-10-16 18:04:50,403",1
hasL,erig0m,"2023-10-16 18:04:51,895",-1
Classic,based_pole,"2023-10-16 18:04:52,654",1
"crazy how holocaust = ""destruction and nakba = ""disaster"" almost as if its a similar thing",platypus_dreaming,"2023-10-16 18:04:53,679",0
"@geopan94, @GeorgeKushhh @Mijnboot ICANT how",mangobreezy,"2023-10-16 18:04:57,263",-1
https://www.youtube.com/watch?v=9jBgGY2Ww9Q,green_ky,"2023-10-16 18:05:01,055",0
abby martin has a good vid on it,pawmanda,"2023-10-16 18:05:01,128",1
"@Green_ky, Please subscribe to post a link! [warning]",fossabot,"2023-10-16 18:05:01,394",0
HypeMage,prairydog,"2023-10-16 18:05:04,022",1
Hmmm,thedome26,"2023-10-16 18:05:05,659",0
@geopan94 @mijnboot @mangobreezy WICKED,georgekushhh,"2023-10-16 18:05:06,069",1
NOPERS Kappa,celtickingdom,"2023-10-16 18:05:08,118",1
"@phoenixti didn't you JUST get unbanned ICANT
""
",resubscribe,"2023-10-16 18:05:08,508",1
"Watch Hasan's latest gaming video: THE COPS IN CYBERPUNK 2.0 ARE RUTHLESS! - https://youtu.be/pIIjRJG9BiE
""
",fossabot,"2023-10-16 18:05:08,835",0
seems a little less relevant than 1400 BC,poseypk,"2023-10-16 18:05:09,825",0
Hmmm,darksushi810,"2023-10-16 18:05:11,338",0
Clueless,dunfur,"2023-10-16 18:05:11,708",-1
KKonaW hell yeah brother the world needs more declarations of independence,giganman22,"2023-10-16 18:05:13,443",1
Hmmm is it important,synthessencevr,"2023-10-16 18:05:13,901",0
"that's the ""context""",iharris357,"2023-10-16 18:05:14,252",0
"@platypus_dreaming Nope. Not even fucking close to the same thing. It's so fucking insane to compare the two
""
",hasanisabi,"2023-10-16 18:05:14,368",-1
HOGGERS Nothing to see here,simuser,"2023-10-16 18:05:15,491",1
Sure small detail,groanmemorandum,"2023-10-16 18:05:17,232",0
here sumurize version of the nakba @HasanAbi https://www.aljazeera.com/gallery/2023/5/15/ethnic-cleansing-by-zionists-in-palestine @HasanAbi,lionel_the_unicorn,"2023-10-16 18:05:17,264",0
"@phoenixti, ill send you back to the shadowrealm",young_peezy,"2023-10-16 18:05:17,543",1
slightly relevant Clueless,jacv2s,"2023-10-16 18:05:18,053",-1
ben does not like that accident,forbiddensubsequence,"2023-10-16 18:05:18,275",0
seems relevant Hmmm,swokm,"2023-10-16 18:05:18,320",0
I cant stop laughing at the fact that Shabibo is using the bible as a source in his historical video lol,realbreakfast,"2023-10-16 18:05:19,636",1
@platypus_dreaming The Jewish word Shoah means catastrophe I believe.,lamfadha,"2023-10-16 18:05:20,414",0
"@HasanIsABi be patient with people, it takes time to understand and unwind propaganda KEKW you are right so let people figure it out hasL keep being a good chatter ive seen you adding tons of good info to the convo hasFlex",ilanishere,"2023-10-16 18:05:20,491",1
WHITE WASH WHITE WASH WHITE WASH,obscure_one_,"2023-10-16 18:05:21,021",-1
darksushi810 elisSpin,fredportcullis,"2023-10-16 18:05:21,109",0
"@HasanAbi why don't you mention the human rights abuses that are committed at the top of the hour when there's a 3 minute ad break?
""
",froggofast,"2023-10-16 18:05:23,021",1
depopulation aka some villages got massacred,bronimitchell,"2023-10-16 18:05:23,054",-1
Hmmm seems vaguely related,bossman201812,"2023-10-16 18:05:23,054",0
@HasanAbi top o the morning to you,luc1vert,"2023-10-16 18:05:23,478",1
"well its not important if you're a racist
""
",pemalebacon,"2023-10-16 18:05:25,117",-1
"ofc not @HasanAbi what are you saying? they're not important. they're not FACTS
""
",themalteseleftist,"2023-10-16 18:05:25,503",-1
mhm,liberacc1,"2023-10-16 18:05:25,672",0
which is BS,gicama,"2023-10-16 18:05:25,710",0
its information,airballin,"2023-10-16 18:05:25,935",0
maybe a lil idk ethnic displacement is kinda a biggie,humdrumsyrup,"2023-10-16 18:05:27,165",-1
@Young_Peezy chill ill stop,phoenixti,"2023-10-16 18:05:29,126",-1
Maybe they magically took the land. Like yahweh stuff,chatterdaysaint,"2023-10-16 18:05:30,419",0
Wash white,therealnoblepain,"2023-10-16 18:05:31,002",-1
Nah it was an ethnic cleansing,bossman201812,"2023-10-16 18:05:32,404",-1
The abused become the abuser.,existinne,"2023-10-16 18:05:32,607",-1
@fredportcullis asleepyWave,darksushi810,"2023-10-16 18:05:32,669",0
ppPoof,platypus_dreaming,"2023-10-16 18:05:34,455",1
Shut up,celtickingdom,"2023-10-16 18:05:35,466",-1
HUHH,thedome26,"2023-10-16 18:05:36,586",1
@toxicsjw @Resubscribe i was just about to say that lole,pagejpeg,"2023-10-16 18:05:36,996",0
@phoenixti Ban speedrun any % WICKED,coffinspired,"2023-10-16 18:05:37,885",1
Looking,synthessencevr,"2023-10-16 18:05:38,819",0
its the same thing theyre saying right now,frwavio,"2023-10-16 18:05:39,118",0
they will find an aswer in their holey book,madondo,"2023-10-16 18:05:39,892",0
chatters arguing Classic,gicama,"2023-10-16 18:05:40,375",-1
"It is very important, this just proves history is written by the ""victors""",fernandothescienceguy,"2023-10-16 18:05:41,399",-1
"it's only important if you want the actual history. Ben dosent want that
""
",stovetotheface,"2023-10-16 18:05:41,911",0
na dude he would say they just left voluntarily,mrevilrex,"2023-10-16 18:05:42,832",0
?,bitahbastard,"2023-10-16 18:05:47,236",0
WHY DO YOU ALWAYS LOOK AT MY LOGS PogO,ilanishere,"2023-10-16 18:05:47,543",1
ppPoof,darksushi810,"2023-10-16 18:05:49,609",1
chatFight Looking,lyystra,"2023-10-16 18:05:50,544",0
"it's not
""
",adk_215,"2023-10-16 18:05:50,657",0
Yep,tomjo9,"2023-10-16 18:05:51,052",1
war refuges come back home anyway so Susge,alkappa_corporation,"2023-10-16 18:05:52,460",0
fireda769S RainTime PETPET SteerR,prairydog,"2023-10-16 18:05:53,380",1
freePalestine From the River to the Sea freePalestine,roros,"2023-10-16 18:05:53,789",1
"@hasanabi ‚Äî Not on topic, but new Trump banger just dropped: https://twitter.com/h1twom4n/status/1713958102003785962?s=46&t=05bknpwlSyPaOjUBXNRpkw",countcrocula,"2023-10-16 18:05:54,137",0
of course not,fahizzo,"2023-10-16 18:05:57,988",0
YEP in scale,celtickingdom,"2023-10-16 18:05:59,737",1
"How is that justifiable in any capacity...? Shouldn't it then be viewed as an atrocity of war at the very least?
""
",eights18,"2023-10-16 18:06:00,097",-1
AlJazeera gets most of it right it does leave out some major details tho YEP @hasanabi @hasanabi,prophetwavybeats,"2023-10-16 18:06:00,446",1
filistin kendi kurtulu≈ü sava≈üƒ±nƒ± kaybetmi≈ü,canocanzo,"2023-10-16 18:06:00,855",0
100%,poseypk,"2023-10-16 18:06:01,224",1
hasL hasL hasL hasL,grnct_greencoat,"2023-10-16 18:06:01,676",-1
"@ilanishere, bc you dont capitalize your i's
""
",young_peezy,"2023-10-16 18:06:01,724",0
COGGERS denounce,torquearoe,"2023-10-16 18:06:02,904",1
YEP,zedd486,"2023-10-16 18:06:04,337",1
could compare it to kristallnacht,dasmidaya,"2023-10-16 18:06:05,360",0
jesus christ larxaComfy,foxst3v3,"2023-10-16 18:06:05,422",1
COMPLETELY DIFFERENT,fahizzo,"2023-10-16 18:06:05,422",0
@HasanAbi i think they needed to mention the massacres that happened from the israelis on the palestenians at that time,treeko0,"2023-10-16 18:06:07,715",0
yeah that would be insane KEKW,zolorod,"2023-10-16 18:06:07,828",1
OKAY,platypus_dreaming,"2023-10-16 18:06:08,492",1
LIBBERS COMPARE GENOCIDES,soma_a,"2023-10-16 18:06:09,457",0
hasL thank you Hasan hasL,grnct_greencoat,"2023-10-16 18:06:09,550",1
absolutely not,liberacc1,"2023-10-16 18:06:09,755",-1
"Shapiro didnt include Chuchill's quote after Moyne's assassination
""
",soljunk,"2023-10-16 18:06:10,173",0
hasNews,bellum128,"2023-10-16 18:06:10,218",1
YEP,breadsec,"2023-10-16 18:06:10,395",1
"DENIAL IS DENIAL, BIG DIFF",obscure_one_,"2023-10-16 18:06:10,686",0
YEP,audy,"2023-10-16 18:06:11,915",1
ppPoof,platypus_dreaming,"2023-10-16 18:06:12,431",1
i SEND YOU SO MANY NiCE THiNGS AND YOU YOiNK MY RANDOM SHiT,ilanishere,"2023-10-16 18:06:12,559",0
YEP,cheddarcheddarcheddar,"2023-10-16 18:06:12,686",1
YEP,anthas_,"2023-10-16 18:06:13,964",1
"theres several examples of clear zionist massacres occurring before war time, but even then, zionist militias still fucking cleansed palestinians during war",aske_rl,"2023-10-16 18:06:14,037",-1
"POSTURE CHECK, I see you slouching. monkaStare",fossabot,"2023-10-16 18:06:15,722",1
Squid1 Squid2 HypeAttack Squid2 Squid4,batmanda0,"2023-10-16 18:06:15,763",1
That would be incorrect and silly,rationalemp,"2023-10-16 18:06:15,898",0
They are in no way equitable,aituriel,"2023-10-16 18:06:15,977",0
YEP,froggofast,"2023-10-16 18:06:18,063",1
"@HasanAbi If you're looking for a good book on the Nakba I recommend Ilan Pappe. I'm reading it right now and learning a lot.
""
",cwrigs9,"2023-10-16 18:06:20,565",1
"[...] at the UN security council, a vote on Brazils draft resolution has been delayed until late Tuesday to give the council more time to negotiate. Brazil‚Äôs draft resolution rivals Russia‚Äôs resolution, which failed. Unlike Russia‚Äôs resolution, it condemns ‚Äúthe heinous terrorist attacks by Hamas‚Äù.  See kids, from this cautionary tale we can draw the conclusion that it is always important to condemn hamas.",janviercf,"2023-10-16 18:06:21,027",0
"Hasan, you have to condemn the Holocaust please @HasanAbi",jontologie,"2023-10-16 18:06:22,156",0
Hijab vs piers morgan,iwillqt,"2023-10-16 18:06:22,290",1
both horrific but not comparable,cheddarcheddarcheddar,"2023-10-16 18:06:22,318",0
@Young_Peezy iS iT REALLY JUST THAT KEKW,ilanishere,"2023-10-16 18:06:22,871",1
"@Dasmidaya Yep, perfectly on point. An even worse Kristallnacht though",hasanisabi,"2023-10-16 18:06:23,487",0
"@hasanabi Ben Shapiro works for the daily wire, he's not an objective or logical person (despite presenting himself that way), missed details like that are not accidental but deliberate.  He is abusing the parasocial relationship between youtuber and viewer to appear as a 'common sense friend'  It's why his takes are so transparently bad.  They're not arguments in good faith but effectively him 'preaching' right wing talking points.
""
",stellarbeetle,"2023-10-16 18:06:24,408",0
EGYPTIAN AID CROSSING TO GAZA,spoonsmall,"2023-10-16 18:06:24,537",1
They are both tragedies,celtickingdom,"2023-10-16 18:06:24,826",-1
"""Didn't do the holocaust"" is a pretty low bar.",smirble,"2023-10-16 18:06:25,125",0
@Fossabot moon2GUNCH,zanexiety,"2023-10-16 18:06:26,287",1
Things can be bad without being the Holocaust lmao,zevtron,"2023-10-16 18:06:27,070",1
WHY RANK IT,dubbinsan,"2023-10-16 18:06:27,128",0
chatters hear whatever they want to hear,zdgro,"2023-10-16 18:06:27,685",-1
kristallnacht  would be a better comparison @HasanAbi,mr_spiderbyte,"2023-10-16 18:06:28,216",0
"they are similar in that they are formative, collective experiences that shape a group of people's narrative. saying that does not mean they are equivalent in the extent of the atrocity
""
",tehwek,"2023-10-16 18:06:29,037",0
"How u gonna walk in someone‚Äôs house, shoot their roommates, and then start making demands like u were there all along?",therealnoblepain,"2023-10-16 18:06:29,937",-1
@hasanabi what about Kristallnacht itself?,t33bags,"2023-10-16 18:06:32,745",0
"@RationalEMP ""offensive"" is even fair in that context",voxaetheris,"2023-10-16 18:06:33,177",0
"@ilanishere, Shrug idk prolly not but thats the funny answer",young_peezy,"2023-10-16 18:06:33,804",1
@iwillqt we already watched that,toxicsjw,"2023-10-16 18:06:34,955",0
"The Holocaust was a genocide, the Nakba was an ethnic cleansing, both tragedies",bossman201812,"2023-10-16 18:06:35,422",-1
@hasanabi  it is close to the trail of tears,mcnudist,"2023-10-16 18:06:36,591",-1
obv,obscure_one_,"2023-10-16 18:06:37,272",0
Pivo anyway,beeshh,"2023-10-16 18:06:39,637",1
"I came here to escape the constant propaganda, ty for ur perspective",opossumsan,"2023-10-16 18:06:39,755",1
Still singing that y√ºr√º y√ºr√º y√ºr√º on repeat @hasanabi,chill_jilll,"2023-10-16 18:06:41,105",1
@ilanishere Stare I am reviewing your logs to make you anxious,resubscribe,"2023-10-16 18:06:42,641",1
Mainly a land grab,tomjo9,"2023-10-16 18:06:42,943",0
We know,celtickingdom,"2023-10-16 18:06:43,557",0
why compare completely different thing anyway,alkappa_corporation,"2023-10-16 18:06:43,924",0
Do you think a more apt comparison is the trail of tears,cheddarcheddarcheddar,"2023-10-16 18:06:47,346",0
What is similar is the denial of these different events from right wing freaks,don_yakov,"2023-10-16 18:06:48,183",-1
WHAAAT Û†ÄÄ,johantheolive,"2023-10-16 18:06:48,575",0
"Watch Hasan's latest video on his main channel! Is Israel Simply ""Defending Itself""? - https://youtu.be/cQchxlLB_7I",fossabot,"2023-10-16 18:06:49,828",0
@Young_Peezy KEKW AHSAHSHAHAHA i love you PTHSHAHA,ilanishere,"2023-10-16 18:06:50,538",1
Did you just inadvertently out Chaya Raichik? KEKW https://x.com/chayaraichik10/status/1713999615161450773?s=46&t=06amxIcyNBka6jF2iSc0nQ,cinemarxism,"2023-10-16 18:06:51,237",1
YEP,vladtepes12345,"2023-10-16 18:06:51,394",1
OWNS the Daily Wire,jarjarchared,"2023-10-16 18:06:52,613",1
what about the argument of Hitler was on to something,iex1sst,"2023-10-16 18:06:52,849",0
WHAAAT,hasanisabi,"2023-10-16 18:06:53,183",1
hes a propogandist OMEGALUL,4house,"2023-10-16 18:06:54,821",1
he is also a zionist,thedude_hots,"2023-10-16 18:06:55,436",-1
ahistoricism,platypus_dreaming,"2023-10-16 18:06:56,357",-1
Pivo,alwaysbegaming,"2023-10-16 18:06:56,386",1
freePalestine From the River to the Sea freePalestine Û†ÄÄ,roros,"2023-10-16 18:06:56,866",1
"he's doing a MISINFO
""
",torquearoe,"2023-10-16 18:06:57,279",0
Someone on LBC said this was 10 9/11‚Äôs hasPause hasPause hasPause,nsa_iswatching27,"2023-10-16 18:06:57,391",1
YEP Lies of omission,darkrider312,"2023-10-16 18:06:59,224",1
YEP,maggiepie411,"2023-10-16 18:06:59,331",1
"He intentionally skews history bc his fan base won't know better‚Äîthey don't read
""
",ayeshaesquire,"2023-10-16 18:06:59,467",0
PROPAGANDA,androidrevolution,"2023-10-16 18:07:00,397",-1
@cheddarcheddarcheddar yes,adk_215,"2023-10-16 18:07:00,795",1
It was palestines 9-11 because we have to compare everything to it,subtleg,"2023-10-16 18:07:01,184",0
omitting not dismissing,inriched77,"2023-10-16 18:07:01,627",0
the Sonderkommando larxaComfy harrowing,foxst3v3,"2023-10-16 18:07:01,657",1
Yesyes,lyystra,"2023-10-16 18:07:03,321",1
@HasanAbi Book is called Ethnic Cleansing in Palestine...Think I forgot the title,cwrigs9,"2023-10-16 18:07:03,997",0
can we watch tommy tuberville fall down some stairs as a treat,superpooper,"2023-10-16 18:07:04,652",1
he wants that right wing war money,treeko0,"2023-10-16 18:07:05,063",0
YEP Lying by omission,zaphod_b,"2023-10-16 18:07:05,574",1
@HasanAbi Is this how history is taught in Israel I wonder?,saltseal,"2023-10-16 18:07:06,192",0
Shapiro is lying so much,faith577,"2023-10-16 18:07:06,337",-1
YEP crime of ommission,synthessencevr,"2023-10-16 18:07:07,283",-1
he IS the daily wire,compachalino,"2023-10-16 18:07:07,420",0
@HasanAbi You have taught me more in the last week than most my teachers growing up. Cheers mate,datchinbin,"2023-10-16 18:07:07,612",1
YEP,spanonanochano,"2023-10-16 18:07:07,645",1
ok,liberacc1,"2023-10-16 18:07:08,749",1
"YEP 10000% deliberate. He's forming a narrative
""
",sincesynthesis,"2023-10-16 18:07:09,246",1
"D Day, Dresden and 9/11 are already taken.",nywro,"2023-10-16 18:07:09,977",0
"He's revising history.
""
",heidihaaland,"2023-10-16 18:07:10,284",0
He‚Äôs a Zionist puppet Jack off,celtickingdom,"2023-10-16 18:07:10,312",-1
how do people not see that?,imaginashin,"2023-10-16 18:07:10,796",-1
"It's planned
""
",tolerance00,"2023-10-16 18:07:10,824",0
an action does not have to be equal to the holocaust to be bad,0pvnrt0,"2023-10-16 18:07:11,411",-1
Yup,faith577,"2023-10-16 18:07:12,798",1
@Resubscribe go ahead only good takes and even better jokes EZ Clap,ilanishere,"2023-10-16 18:07:12,966",1
WHAAAT ben shapiro is not all facts?,gicama,"2023-10-16 18:07:13,038",1
he doesn‚Äôt ‚Äúwork‚Äù for the daily wire he FOUNDED the daily wire KEKL,adamadam,"2023-10-16 18:07:14,600",1
@iex1sst thats nazi af HUH,lekky04,"2023-10-16 18:07:15,056",1
Pivo got it,shoehorn_oh_plenty,"2023-10-16 18:07:16,667",1
@superpooper üò≠ whattt,toxicsjw,"2023-10-16 18:07:16,700",0
@iex1sst WeirdDude,mixerceo,"2023-10-16 18:07:17,106",-1
He is manipulating the history to suit his narrative,osheasrebellion,"2023-10-16 18:07:17,541",-1
SHABIB OMEGALUL,groanmemorandum,"2023-10-16 18:07:18,457",1
IG: instagram.com/hasandpiker | TWT: twitter.com/hasanthehun | YT-Politics/Reacts: youtube.com/hasanabi | YT-Vlogs: youtube.com/@Hasan | YT-Gaming: youtube.com/HasanAbiGaming | Tiktok: tiktok.com/@hasandpiker,fossabot,"2023-10-16 18:07:21,602",0
ben wet ass p-word shapiro pepeD,shaclone,"2023-10-16 18:07:22,857",1
MANUFACTURING CONSENT,androidrevolution,"2023-10-16 18:07:24,303",-1
"shapiro went to college, he took Propaganda 101",agitat3d,"2023-10-16 18:07:24,888",-1
YEP,lionel_the_unicorn,"2023-10-16 18:07:26,915",1
YEP,celtickingdom,"2023-10-16 18:07:26,973",1
Ben shapiro genocide tier list when?,daps13,"2023-10-16 18:07:27,053",1
YEP YEP,lionel_the_unicorn,"2023-10-16 18:07:27,840",1
"What's happening *right now* seems close to the trail of tears to me, or is that an insane take
""
",voxaetheris,"2023-10-16 18:07:27,982",-1
melissalikesmilk just subbed using Prime for 5 months! bleedPurple https://twitch.amazon.com/tp,fossabot,"2023-10-16 18:07:29,171",0
humans try to kill each other in unique and diverse ways,madondo,"2023-10-16 18:07:29,276",-1
i missed ben shapiro coverage while i was away? Strongge ez dodge,endorphinist,"2023-10-16 18:07:31,296",1
@GeorgeKushhh @MangoBreezy @Mijnboot KEKW,geopan94,"2023-10-16 18:07:33,836",1
"This is the same thing as Christians and Catholics debating religion, you have to learn their lore to know when they're just straight up lying to you. @HasanAbi
""
",stronglikebull503,"2023-10-16 18:07:34,130",-1
@Resubscribe also misspelling and getting timed out cause i cant count,ilanishere,"2023-10-16 18:07:34,162",-1
"All genocides are bad and should not be compared it's sillu
""
",gamernurse2023,"2023-10-16 18:07:37,471",-1
"frankly, if he's made a mistake, which he hasn't, how is that a defence lol? poor ben he's just ignorant
""
",kellston,"2023-10-16 18:07:39,210",-1
@HasanAbi Uhhh speaking of unhinged Zionist freaks... you got called out by one https://twitter.com/chayaraichik10/status/1713999615161450773?s=46&t=06amxIcyNBka6jF2iSc0nQ,hasanisabi,"2023-10-16 18:07:39,673",0
Silly,gamernurse2023,"2023-10-16 18:07:39,973",0
I believe him brother hasChud,marrrdito,"2023-10-16 18:07:45,217",-1
Sadge,deathstin,"2023-10-16 18:07:45,860",-1
@HasanAbi and this is that why israel deny the nakba,lionel_the_unicorn,"2023-10-16 18:07:45,890",0
"He's a debatelord before anything else, so no wonder he would omit these details
""
",judgmentalowl,"2023-10-16 18:07:46,690",0
Almost 40% of the population at the time,celtickingdom,"2023-10-16 18:07:47,985",0
@toxicsjw he fell down a flight of stairs exiting a plane,superpooper,"2023-10-16 18:07:48,620",0
PepeSpit,shemon1,"2023-10-16 18:07:49,405",-1
"where is their messiah that's suppose to return them to that land? key detail omitted.
""
",kingjazzbo,"2023-10-16 18:07:52,332",0
@HasanAbi if you want to further expand on this period after WWI and before 1948: https://www.youtube.com/watch?v=QUCeQt8zg5o,don_yakov,"2023-10-16 18:07:54,380",0
PepeSpit,foxst3v3,"2023-10-16 18:07:56,152",-1
atpFeelsBeardMan,shoehorn_oh_plenty,"2023-10-16 18:07:56,681",1
YEP demonic shit,tolerance00,"2023-10-16 18:07:58,427",1
"this video isn't the best summary of his view of the history @HasanAbi it actually glosses over things he goes into more detail (e.g. he views the displacement of Palestinians on the eve of the declaration of the Israeli nation state as part of the muslim response to the establishment of a Jewish state)
""
",doctorlaw590,"2023-10-16 18:08:00,052",0
@lekky04 can you tell a raped Palestinian that in 1948,iex1sst,"2023-10-16 18:08:00,675",-1
"Rewriting history by omission, israeliwashing history @hasanabi part of the right wing world wide propaganda",shroomlife420,"2023-10-16 18:08:02,550",-1
https://twitter.com/pradaice/status/1713956725097939419?t=q9uhLlh1g3_TAA9UqsZHCQ&s=19 @hasanabi have you seen this rap?,legndaryssj,"2023-10-16 18:08:03,320",0
nazi shit,movaddo,"2023-10-16 18:08:04,250",-1
"also use civillians homes as ""base"" or a ""operation""",treeko0,"2023-10-16 18:08:07,937",0
lmao ok,liberacc1,"2023-10-16 18:08:08,858",-1
most other animals arent as violent as humans Shrug,madondo,"2023-10-16 18:08:09,679",0
All Palestinians want is the right to return to their homes,bossman201812,"2023-10-16 18:08:12,135",1
for*,treeko0,"2023-10-16 18:08:13,159",0
hasHi,strawberry_latte_,"2023-10-16 18:08:13,220",1
debated @HasanAbi,jules_gbo,"2023-10-16 18:08:14,183",1
Is Ben Shapiro related to Todd Shapiro?,maggiepie411,"2023-10-16 18:08:14,722",1
@cinemarxism OMEGALUL,leastderangedgrayname,"2023-10-16 18:08:14,808",1
Hypocrisy loop,celtickingdom,"2023-10-16 18:08:16,245",-1
@lekky04 WTF HUH,lekky04,"2023-10-16 18:08:17,153",1
downplayed?,n1naishere,"2023-10-16 18:08:17,403",0
All in the name of God,faith577,"2023-10-16 18:08:18,996",0
Omission to form narrative NODDERS kinda gross,azurevz,"2023-10-16 18:08:19,024",-1
@HasanAbi Almost like an academic blackballing?,cwrigs9,"2023-10-16 18:08:19,512",0
Disputed?,internet_grandfather,"2023-10-16 18:08:19,556",
HUH,obscure_one_,"2023-10-16 18:08:19,746",1
@HasanAbi disputed is the word,logicien6,"2023-10-16 18:08:20,327",0
Disputed,sharpiediesel,"2023-10-16 18:08:20,942",0
dbaited?,dx314159,"2023-10-16 18:08:21,350",0
Downplayed?,aelis58,"2023-10-16 18:08:23,707",0
"he's doing a propaganda
""
",zony66,"2023-10-16 18:08:24,011",-1
Fear& PODCAST - NEWEST EPISODE: What really happened to QTCinderella.. üò¶ | Fear&Survival - https://youtu.be/kURDo9M7f18 | POD LINKS: twitter.com/FearAndPod linktr.ee/fearand,fossabot,"2023-10-16 18:08:25,211",0
@HasanAbi are we going back to the ben shapiro video,violaterz,"2023-10-16 18:08:25,550",0
"""challenged"" by historians",vahki,"2023-10-16 18:08:26,266",0
"Monks weren't taking notes at the time.
""
",nywro,"2023-10-16 18:08:26,673",0
????,dubbinsan,"2023-10-16 18:08:27,188",-1
"70 massacres, but they say they left voluntarily",alkappa_corporation,"2023-10-16 18:08:27,700",-1
EWWW,obscure_one_,"2023-10-16 18:08:31,058",-1
ad time? Jammies,grumpyponder,"2023-10-16 18:08:31,592",1
toxicsjw you should watch it he fell like a cartoon character OMEGALUL,fredportcullis,"2023-10-16 18:08:31,620",1
???????,fordeka,"2023-10-16 18:08:34,467",-1
displacements are how genocides start,xviolentfemme,"2023-10-16 18:08:34,897",-1
ad time? Jammies ad time? Jammies ad time? Jammies,grumpyponder,"2023-10-16 18:08:35,657",1
Blacklisting,cwrigs9,"2023-10-16 18:08:36,814",-1
"I don't expect anything less from Ben TPFufun
""
",foxst3v3,"2023-10-16 18:08:37,121",1
"Please chatters, can we stop with the historical analogies and similes? It doesn't matter. If something is bad in one situation then yes, it will be bad in another situation. You don't have to draw the parallels, it's sufficient to show why the criteria for it being a bad thing hold.
""
",janviercf,"2023-10-16 18:08:37,429",1
Did you find solid sources on the rapes after leftovers?,cafeoh,"2023-10-16 18:08:38,069",0
It‚Äôs how Japan acts over Nanking,lgrngo,"2023-10-16 18:08:38,453",-1
IM GONNA VOMIT,obscure_one_,"2023-10-16 18:08:38,558",-1
@HasanAbi Ben Shapiro would lie??? D:,liti_gator,"2023-10-16 18:08:39,579",-1
colonial playbook,platypus_dreaming,"2023-10-16 18:08:39,639",0
"Disputed, downplayed, hypocritical",celtickingdom,"2023-10-16 18:08:40,705",-1
in israeli schools they say they left on their own will cuz they were scared of the war and a conflict @HasanAbi,kakistocrator,"2023-10-16 18:08:42,407",-1
"@HasanAbi There was a mass migration of Jews from Arab nations though. Is that not equivalent to the Nakba? Was that move a choice? My Heritage is Indian and my Understanding is that some 20,000 jews left India for upon the creation of Israel",kalai235,"2023-10-16 18:08:42,725",0
"YEP I know for sure that it's the top of the hour
""
",groanmemorandum,"2023-10-16 18:08:43,387",1
PeepoWeen,phillywut,"2023-10-16 18:08:44,076",1
its pretty much how the turk gov views the armenian genocide in some ways,docsegirl,"2023-10-16 18:08:45,980",0
point of contention,batisi309,"2023-10-16 18:08:46,075",0
The Key is everywhere in gaza and west bank for a reason,n1ghtlies,"2023-10-16 18:08:46,265",0
what is not disputed is the top of the hour ad break,lamino144,"2023-10-16 18:08:47,287",1
HUH i was just reading that gizmo,toxicsjw,"2023-10-16 18:08:50,126",0
WutFace shabibo,kait516,"2023-10-16 18:08:50,240",1
DeSantis said that palestenian refugees arent allowed to the US and called them terrorists,treeko0,"2023-10-16 18:08:53,013",-1
"You seem to throw out ""its well documented"" a lot and never actually confirm that its documented.    See IDF rapes you claimed were ""well atested"".  When the links you showed say the exact opposite",ronaldo_penaldo,"2023-10-16 18:08:54,530",-1
Willfully ignored idk...I forget the word,cwrigs9,"2023-10-16 18:08:55,247",-1
literally skipped 20+ years,simuser,"2023-10-16 18:08:57,295",0
Shrug they just left,v3sh_,"2023-10-16 18:09:00,059",-1
PepeSpit,celtickingdom,"2023-10-16 18:09:00,257",-1
The main reason I know Israel is a colonialist settlement is cuz they are apart of the EUFA and not the  AFC,chrisheim24,"2023-10-16 18:09:02,435",0
"its a matter of ""perspective""  in such an ignorant way",jadeseiren,"2023-10-16 18:09:02,760",-1
YEP,adk_215,"2023-10-16 18:09:05,179",1
YEP,ghostfaceninja_,"2023-10-16 18:09:06,581",1
Lmao,kajethersage,"2023-10-16 18:09:06,615",1
nakba very much happend wtf my grandparent siblings were literally killed by jews,zammy3251,"2023-10-16 18:09:07,842",-1
@HasanAbi  in fact Israel does everything to prevent academic research linked to the nakba : https://www.aljazeera.com/news/2016/6/10/why-israel-is-blocking-access-to-its-archives,lionel_the_unicorn,"2023-10-16 18:09:08,661",0
Sadge,redeyeink,"2023-10-16 18:09:09,276",-1
@Treeko0 Classic SUGARMAN,andreions,"2023-10-16 18:09:11,324",1
how can you defend israel when even not israeli jews still stand for israel,movaddo,"2023-10-16 18:09:12,962",-1
YEP Shrug,filibusterforfree,"2023-10-16 18:09:12,992",1
true,oreeva,"2023-10-16 18:09:13,878",1
Israel is a terrorist organisation by definition. Condemn both Hamas and Israel for acts of terror.,iwillqt,"2023-10-16 18:09:15,829",-1
Is Israel basically an industry plant? @hasanabi sorry if stupid question,nillster,"2023-10-16 18:09:16,416",0
same vibes as denying the armenian genocide,illusivesaint,"2023-10-16 18:09:16,580",
@HasanAbi is this comparable to the Bosnians and Serbs?,giganman22,"2023-10-16 18:09:16,616",
lol why would they just leave.,existinne,"2023-10-16 18:09:16,659",
Hmmm,celtickingdom,"2023-10-16 18:09:17,396",
PogO waiting for it,wook40,"2023-10-16 18:09:17,662",
@toxicsjw smHead SmokeTime,gizmomacks,"2023-10-16 18:09:19,818",
"@David_Leonard, soupD / hi davey LUBBERS hope you are well.",illiteratesoup,"2023-10-16 18:09:20,847",
UrbanOSRS just subbed using Prime for 4 months! bleedPurple https://twitch.amazon.com/tp,fossabot,"2023-10-16 18:09:20,955",
"Hmmm disputed yet literature written by people of significance in Israel is easily found, detailing methods by which the Nakba was meant to be carried out",synthessencevr,"2023-10-16 18:09:23,807",
Hmmm,thisisourselve,"2023-10-16 18:09:24,633",
palestine was invaded YEP,jpili,"2023-10-16 18:09:25,208",
@Hasanabi vox video on the nakba https://www.youtube.com/watch?v=rGVgjS98OsU,5now_,"2023-10-16 18:09:27,238",
"@JanvierCF well no not really, the U.S has a veto power and vetoed the resolution for not condemning Hamas. No member of the Security Council (2017-2019) besides the US views Hamas as a terrorist organization. In Russia's defense, they did not condemn Hamas because that would mean they would have to mention the illegal occupation of Palestinian land by the Israeli govt.
""
",wedsjunk,"2023-10-16 18:09:29,629",
"Watch Hasan's latest video on his official 2nd channel! ELECTRIC SUPERCARS SUCK - https://youtu.be/BcLHEB942Sw
""
",fossabot,"2023-10-16 18:09:30,063",
Landlords,zayydzz,"2023-10-16 18:09:30,985",
They also argued against the top of the hour ad break @hasanabi,tuckrdout,"2023-10-16 18:09:31,024",
they told people exile routes then bombed and shot down the exiles this time,timelapz,"2023-10-16 18:09:31,395",
""" That didn't happen. And if it did, it wasn't that bad. And if it was, that's not a big deal. And if it is, that's not my fault."" - Zionism",catballarena,"2023-10-16 18:09:32,316",
lebensraum,plarp__,"2023-10-16 18:09:32,379",
@hasanabi @ronaldo_penaldo Weirdo freak,maggiepie411,"2023-10-16 18:09:35,081",
HOGGERS INDIANS JUST MOVED OUT TOO SAMESIES,shoehorn_oh_plenty,"2023-10-16 18:09:35,901",
@Treeko0 Classic,turtlepool,"2023-10-16 18:09:37,578",
@iwillqt dsaCHUDDING do you condemn hummus,resubscribe,"2023-10-16 18:09:38,460",
Shrug they just disappeared so weird. Anyway its my land now,v3sh_,"2023-10-16 18:09:38,643",
LIBBERS,kirklandia_,"2023-10-16 18:09:39,484",
Hmmm levensraum?,kaananchakek,"2023-10-16 18:09:39,664",
Bury my Heart at Temple Mount,holocenehasbeen,"2023-10-16 18:09:39,713",
PogO,haarlep,"2023-10-16 18:09:40,761",
fuck off,wethepeepos,"2023-10-16 18:09:41,328",
KEKWait,lyystra,"2023-10-16 18:09:41,359",
PogO,froggy143,"2023-10-16 18:09:41,359",
PogO,thisisourselve,"2023-10-16 18:09:41,494",
"right. 'we will kill you or you can leave?' 'ok I will leave I guess' 'look see they're leaving, we're benevolent'
""
",kellston,"2023-10-16 18:09:41,715",
PogO,a3bshy,"2023-10-16 18:09:41,839",
PogO,tas2134,"2023-10-16 18:09:42,077",
PogO,kirklandia_,"2023-10-16 18:09:42,177",
PogO,gnut_gnibbler,"2023-10-16 18:09:42,212",
PogO,pablossjui,"2023-10-16 18:09:42,307",
AintNoWay,millieyunz,"2023-10-16 18:09:42,334",
KEKL omg,systm420_,"2023-10-16 18:09:42,536",
DANKIES,chirpum,"2023-10-16 18:09:42,571",
10/10 gross,thewillygtv,"2023-10-16 18:09:42,664",
....,toxicsjw,"2023-10-16 18:09:42,709",
hasPause living space?,nsa_iswatching27,"2023-10-16 18:09:42,772",
0/10,dubbinsan,"2023-10-16 18:09:42,852",
ARGH,da5id_h,"2023-10-16 18:09:43,077",
DANKIES,groanmemorandum,"2023-10-16 18:09:43,193",
living space you say? hmmm,disaresta,"2023-10-16 18:09:43,379",
DANKIES,reeveroarin,"2023-10-16 18:09:43,432",
TOP O THE FOOKIN HOURRR,1337h4x,"2023-10-16 18:09:43,466",
PogO 9/10,soggyburrito,"2023-10-16 18:09:43,533",
NOOO,platypus_dreaming,"2023-10-16 18:09:43,611",
bro,physsss,"2023-10-16 18:09:43,718",
DANKIES,synthessencevr,"2023-10-16 18:09:43,764",
PogO,lamino144,"2023-10-16 18:09:43,890",
"Hmmm ""living space"" (lebensraum)",ghostfaceninja_,"2023-10-16 18:09:44,017",
FUCK YOU,itsdismay,"2023-10-16 18:09:44,171",
4/10,strawberry_latte_,"2023-10-16 18:09:44,199",
LMAO,glewis202,"2023-10-16 18:09:44,447",
KEKWait,lefuddy,"2023-10-16 18:09:44,581",
god damn LUL,jpili,"2023-10-16 18:09:44,711",
10/10,nupuroo,"2023-10-16 18:09:44,802",
PogO,v3sh_,"2023-10-16 18:09:44,850",
i love that we only got through almost 3 mins of this ü§° video,sharifa,"2023-10-16 18:09:44,971",
0/10,han_hulvs,"2023-10-16 18:09:45,039",
PogO,katebushbabe,"2023-10-16 18:09:45,099",
AINTNOWAY,grindingn00b,"2023-10-16 18:09:45,191",
10/10,ponderosopine,"2023-10-16 18:09:45,220",
Cyring,ksheri,"2023-10-16 18:09:45,286",
10/10,mxemgray,"2023-10-16 18:09:45,365",
10/10,systm420_,"2023-10-16 18:09:45,365",
10/10,preparedfordisappointment,"2023-10-16 18:09:45,445",
pogO,coconutoaf,"2023-10-16 18:09:45,525",
10/10,andrea99920,"2023-10-16 18:09:45,525",
10/10,holocenehasbeen,"2023-10-16 18:09:45,525",
10/10,stronglikebull503,"2023-10-16 18:09:45,602",
bro,bharrelson,"2023-10-16 18:09:45,682",
9/10,lassereino,"2023-10-16 18:09:45,762",
Not related to this important topic but feel like chat might want to read up on the terror attack in Brussels today,mr_phi4h,"2023-10-16 18:09:45,841",
KEKW,0pvnrt0,"2023-10-16 18:09:45,841",
10/10,tuckrdout,"2023-10-16 18:09:45,921",
PogO,poeticram,"2023-10-16 18:09:46,345",
1/10,1337h4x,"2023-10-16 18:09:46,371",
10/10,apolloniavaar,"2023-10-16 18:09:46,371",
@kalai235 no dude lmao wtf it was ethnic cleansing not the same as Jews leaving to settle in Palestine,carfreak95,"2023-10-16 18:09:46,448",
7/10,kippawah,"2023-10-16 18:09:46,627",
kaceyPepe,xcmari,"2023-10-16 18:09:46,705",
10/10,valeriegothic,"2023-10-16 18:09:46,792",
10/10,orangeguy12345,"2023-10-16 18:09:46,908",
8/10,compachalino,"2023-10-16 18:09:47,071",
PogO TomatoTime,somekindanumber,"2023-10-16 18:09:47,147",
10/10,froggy143,"2023-10-16 18:09:47,174",
9/10,walmarxtv,"2023-10-16 18:09:47,226",
10/10,animtedsarahontwitter,"2023-10-16 18:09:47,304",
PogO,sweetassassinx,"2023-10-16 18:09:47,389",
Hmmm lebensraum,pikaresque,"2023-10-16 18:09:47,526",
7/10,hon3ynuts,"2023-10-16 18:09:47,553",
PogO,incaunus,"2023-10-16 18:09:47,617",
7/10,jacv2s,"2023-10-16 18:09:47,694",
aaa DANKIES DANKIES,ebridgette,"2023-10-16 18:09:47,774",
PogO 7/10,asterz573,"2023-10-16 18:09:47,774",
LOL,mxemgray,"2023-10-16 18:09:47,854",
10/10 DANKIES PeepoWeen,thedome26,"2023-10-16 18:09:47,934",
PogO,armadilllllo,"2023-10-16 18:09:48,014",
8/10,bigtaizy,"2023-10-16 18:09:48,095",
9.5/10,cmarts,"2023-10-16 18:09:48,095",
Bruh 10/10,angelssz11,"2023-10-16 18:09:48,174",
16/10,obscure_one_,"2023-10-16 18:09:48,174",
10/10,nushum,"2023-10-16 18:09:48,254",
peepoPogO TomatoTime,david_leonard,"2023-10-16 18:09:48,254",
FUCKiNG UNACCEPTABLE,ilanishere,"2023-10-16 18:09:48,254",
3/10\,cypressies,"2023-10-16 18:09:48,334",
PogO,coconutoaf,"2023-10-16 18:09:48,409",
10/10,beastl0l,"2023-10-16 18:09:48,490",
vioWRONGHOLE,waaaaaatx,"2023-10-16 18:09:48,570",
10/10,justagirlelle,"2023-10-16 18:09:48,650",
come on man... these segways..,l_zambito,"2023-10-16 18:09:48,729",
peepoPogO,phillywut,"2023-10-16 18:09:48,729",
man...,oghighness,"2023-10-16 18:09:48,907",
bruh,fiiiilth,"2023-10-16 18:09:49,315",
PogO,ryul2,"2023-10-16 18:09:49,376",
stahpp,0fyndra0,"2023-10-16 18:09:49,457",
LMAOOOO,burristorn,"2023-10-16 18:09:49,523",
10/10,danipenguin,"2023-10-16 18:09:49,590",
AintNoWay,x_mandis,"2023-10-16 18:09:49,632",
PogO 9/10,kingofmemesandcringe,"2023-10-16 18:09:49,710",
PogO 0/10,no_2,"2023-10-16 18:09:49,790",
10/10,sensihannah,"2023-10-16 18:09:49,790",
fuck you hasan,chrissy420x,"2023-10-16 18:09:49,790",
11/10,burritotr0n,"2023-10-16 18:09:49,790",
PogO 7/10,amia_pineapple,"2023-10-16 18:09:49,872",
2/10,comradelamb,"2023-10-16 18:09:49,950",
TomatoTime,happppy_ant,"2023-10-16 18:09:50,120",
7/10,teddyg55,"2023-10-16 18:09:50,148",
hell,not2brite00,"2023-10-16 18:09:50,201",
10/10,xadyyr,"2023-10-16 18:09:50,201",
0/10,sshortyboss,"2023-10-16 18:09:50,281",
8.5/10.,leo80221,"2023-10-16 18:09:50,361",
PogO IS,dr_desu,"2023-10-16 18:09:50,436",
Like the Turks did to the Greeks in Northern Thrace,finaltwitchchatboss,"2023-10-16 18:09:50,436",
PogO,combustiblel3m0n,"2023-10-16 18:09:50,436",
10/10,raieflexton,"2023-10-16 18:09:50,436",
10/10,dawnuberry,"2023-10-16 18:09:50,517",
PogO 10/10,seas,"2023-10-16 18:09:50,517",
9/10,whiterice369,"2023-10-16 18:09:50,595",
8/10,noyerob,"2023-10-16 18:09:50,675",
KEKWait,dunfur,"2023-10-16 18:09:50,755",
8/10,wardiiiiii,"2023-10-16 18:09:50,835",
0/10,just_ky247,"2023-10-16 18:09:50,835",
PogO,meet_the_seed,"2023-10-16 18:09:50,835",
PogO 10/10,phlux22,"2023-10-16 18:09:50,915",
PogO TomatoTime 10/10 PogO TomatoTime 10/10 PogO TomatoTime 10/10,kaananchakek,"2023-10-16 18:09:50,915",
ppOverheat,resubscribe,"2023-10-16 18:09:50,915",
sad_david just subbed using Prime for 4 months! bleedPurple https://twitch.amazon.com/tp,fossabot,"2023-10-16 18:09:50,993",
DANKIES 10/10,azurevz,"2023-10-16 18:09:52,490",
1/10,owits,"2023-10-16 18:09:52,585",
10/10,mzbirdbonez,"2023-10-16 18:09:52,613",
PogO gross,facticity,"2023-10-16 18:09:52,613",
10/10,celtickingdom,"2023-10-16 18:09:52,741",
"@HasanAbi Reading about the Nakba right now is insane the parallels are not even similiar they're basically identical
""
",cwrigs9,"2023-10-16 18:09:52,798",
THE GROSSEST ARGUMENT 10/10,abydos_ink,"2023-10-16 18:09:52,894",
10/10,kelikfox,"2023-10-16 18:09:52,989",
U MUTHER FUCKER,kikoo_x,"2023-10-16 18:09:53,021",
10/10,eanouchalli,"2023-10-16 18:09:53,079",
JK,sweetassassinx,"2023-10-16 18:09:53,150",
NOOO,sirprocrastinathor,"2023-10-16 18:09:53,230",
10/10,brilovesu95,"2023-10-16 18:09:54,217",
that is indeed a gross argument,javelina_exing,"2023-10-16 18:09:54,246",
10/10,darkpop7,"2023-10-16 18:09:54,246",
2/10,jisoodreamcatcher,"2023-10-16 18:09:54,246",
BRO COME ON LMAO,burristorn,"2023-10-16 18:09:54,246",
10/10 fuckkk youuu,captain_alec_,"2023-10-16 18:09:54,246",
BOOO 10 minutes late @HasanAbi,alt_tab_dad,"2023-10-16 18:09:54,246",
i condemn this ad break,risconchile,"2023-10-16 18:09:54,296",
10/10,doctorfelipe89,"2023-10-16 18:09:54,296",
10/10,mr_spiderbyte,"2023-10-16 18:09:54,296",
10/10,thepat24,"2023-10-16 18:09:54,296",
hasWut,drophinoia,"2023-10-16 18:09:54,296",
stuttered 2/10,coolman2996,"2023-10-16 18:09:54,296",
10/10,fortisrufus,"2023-10-16 18:09:54,296",
god damnit 10/10,softestghoul,"2023-10-16 18:09:54,377",
PogO UNACCEPTABLE SEGUE,quote_if_shahzam_whiff,"2023-10-16 18:09:54,377",
1/120,thayn98,"2023-10-16 18:09:54,377",
6/10,rrrreuben,"2023-10-16 18:09:54,377",
10/10,sveltecon,"2023-10-16 18:09:54,377",
TomatoTime TomatoTime TomatoTime TomatoTime TomatoTime,roguestereo,"2023-10-16 18:09:54,476",
KEKW,1337h4x,"2023-10-16 18:09:54,537",
7/10 PogO,playinglyrics,"2023-10-16 18:09:54,617",
PogO There it is,astropenguin545,"2023-10-16 18:09:54,617",
bigmoosei0ol just subbed using Prime! bleedPurple https://twitch.amazon.com/tp,fossabot,"2023-10-16 18:09:54,693",
10/10,starlegend__,"2023-10-16 18:09:54,803",
PogO,dootfingers,"2023-10-16 18:09:54,920",
9/10,fullsun_mode,"2023-10-16 18:09:55,562",
9/10,dx314159,"2023-10-16 18:09:55,616",
han_hulvs just re-subbed for 14 months! POGGIES,fossabot,"2023-10-16 18:09:55,616",
10/10,brieoccupied,"2023-10-16 18:09:55,616",
Clap,the_miserable_moose,"2023-10-16 18:09:55,643",
10/10 no warning,starduke83,"2023-10-16 18:09:55,743",
0/10 that one was nasty,valeriethelovelyitalian,"2023-10-16 18:09:55,803",
10/10 saw it coming,kakabookake,"2023-10-16 18:09:56,034",
PogO,owits,"2023-10-16 18:09:56,067",
mado_BAwz just subbed using Prime! bleedPurple https://twitch.amazon.com/tp,fossabot,"2023-10-16 18:09:56,169",
HiSSSSSSSSSSSSSSSS,ilanishere,"2023-10-16 18:09:56,272",
https://twitter.com/bennyjohnson/status/1714079077026472142 OMEGALUL an actual serious tweet of what that chatter said earlier @HasanAbi,its_reel,"2023-10-16 18:09:56,272",
Dammit! Not again!,diegoivanmr95,"2023-10-16 18:09:56,299",
10/10,jchaaan,"2023-10-16 18:09:56,428",
smHead 7/10,xxliamtx,"2023-10-16 18:09:56,458",
"I'VE BEEN WAITING FOT YOU DO TO THAT
""
",snerful,"2023-10-16 18:09:56,539",
10/10,burristorn,"2023-10-16 18:09:56,601",
@HasanAbi Can you visit Kaya in these 3 weeks?,commander_cooler,"2023-10-16 18:09:56,664",
10/10 on fire today,lordpeebis69,"2023-10-16 18:09:56,744",
WICKED,mlgstinky,"2023-10-16 18:09:56,825",
PogO TomatoTime 9/10,fackingl,"2023-10-16 18:09:56,904",
No fucking way pogO,tuvoc777,"2023-10-16 18:09:56,984",
"10/10 jfc hasan. you're so good at that
""
",domesticated_kat,"2023-10-16 18:09:57,262",
10/10,liberacc1,"2023-10-16 18:09:57,296",
DANKIES AD TIME DANKIES,krippledforlife,"2023-10-16 18:09:57,382",
10/10,bo_bandy_0,"2023-10-16 18:09:57,420",
10/10 devastating,spiderinashoe,"2023-10-16 18:09:57,496",
1/10,thayn98,"2023-10-16 18:09:57,576",
PogO TomatoTime 0/10,felonybeard1,"2023-10-16 18:09:57,712",
10/10 Û†ÄÄ,fiiiilth,"2023-10-16 18:09:57,886",
bye,g00dcry,"2023-10-16 18:09:57,921",
8/10,sweetassassinx,"2023-10-16 18:09:57,921",
9l10,zeronutria,"2023-10-16 18:09:57,967",
fuck you‚Ä¶ 10/10,sebcity15,"2023-10-16 18:09:58,326",
wtf,chrissy420x,"2023-10-16 18:09:58,402",
10/10,maggiepie411,"2023-10-16 18:09:58,436",
"that was real good, azan LULW",jpili,"2023-10-16 18:09:58,480",
10/10,thebambeans,"2023-10-16 18:09:58,559",
segue biiitch PogU,endorphinist,"2023-10-16 18:09:58,634",
10/10,crona_sette,"2023-10-16 18:09:58,714",
10/10,happychickpea,"2023-10-16 18:09:58,834",
amazing,liberacc1,"2023-10-16 18:09:58,912",
8/10,phathands,"2023-10-16 18:09:59,072",
"@HasanAbi The leading scholar on the Nakba is Benny Morris, a Jewish historian, who called it ethnic cleansing (but also said it was justified).",smirble,"2023-10-16 18:09:59,180",
10/10,theelusivegayfoot,"2023-10-16 18:09:59,306",
slay,forbiddensubsequence,"2023-10-16 18:09:59,336",
8/10,rcpinto_,"2023-10-16 18:09:59,384",
10/10,immortalbeazt00,"2023-10-16 18:09:59,464",
PogO,extrahoney,"2023-10-16 18:09:59,540",
10/10,snerful,"2023-10-16 18:09:59,619",
PogO,usualsam,"2023-10-16 18:09:59,699",
"for the german speakers in chat, that translates to lebensraum",willietrom,"2023-10-16 18:09:59,779",
10/10,theleadeater,"2023-10-16 18:09:59,859",
10/10,rocka89,"2023-10-16 18:09:59,948",
Buddy is a monster with it today 9/10,baybeedan,"2023-10-16 18:10:00,103",
Smooth,the_miserable_moose,"2023-10-16 18:10:00,140",
holy hell ICANT,systm420_,"2023-10-16 18:10:00,184",
10/10 RIDING,cwrigs9,"2023-10-16 18:10:00,281",
terms and conditions may apply,playswowtoomuch,"2023-10-16 18:10:00,479",
9.87/10,saintghostie,"2023-10-16 18:10:00,506",
lol so bad : D 10/10,imja_,"2023-10-16 18:10:00,506",
10/10,razdchamp,"2023-10-16 18:10:00,559",
DANKIES 8/10,bhopdamaestro,"2023-10-16 18:10:00,685",
10/10,kielbasakasa,"2023-10-16 18:10:00,756",
10/10 nasty,vninavv,"2023-10-16 18:10:01,092",
10/10,jpili,"2023-10-16 18:10:01,130",
8/10,medioxumate,"2023-10-16 18:10:01,174",
10/10,arciru,"2023-10-16 18:10:01,357",
10/10,dylonnn666,"2023-10-16 18:10:01,388",
PogO,epicbuilder333,"2023-10-16 18:10:01,388",
10/10 disgusting,fyrebanshee,"2023-10-16 18:10:01,676",
8/10,leorodrig777,"2023-10-16 18:10:01,711",
devastating,bboy_rox,"2023-10-16 18:10:01,757",
make him ur PRIME option guys,treeko0,"2023-10-16 18:10:01,833",
peepoPogO 10/10,tortuges_,"2023-10-16 18:10:01,908",
10/10 smooth,newdark90,"2023-10-16 18:10:02,218",
10/10 m‚Äôsir,jassimone,"2023-10-16 18:10:02,245",
10/10,neozurg,"2023-10-16 18:10:02,245",
you're on fire with the segues today,orangeguy12345,"2023-10-16 18:10:02,245",
ok that was good,paopaoshrimp,"2023-10-16 18:10:02,245",
10/10,chrissy420x,"2023-10-16 18:10:02,298",
"it's not even the top of the hour cmon mayn
""
",hanaan,"2023-10-16 18:10:02,378",
"@HasanAbi you're such a jerk with these adbreaks you get me every time
""
",bill_vog,"2023-10-16 18:10:02,459",
10/10,roguestereo,"2023-10-16 18:10:02,832",
PogO 9.9/10,bharrelson,"2023-10-16 18:10:02,863",
10/10,sirrojen,"2023-10-16 18:10:02,936",
Damn dude... üòÖ 10/10,achtunneunziggriftballons,"2023-10-16 18:10:03,023",
10/10,connor25401qc,"2023-10-16 18:10:03,262",
10/10 veiOMEGALUL,shadowindex,"2023-10-16 18:10:03,358",
THE AD BREAK IS ALSO HAMAS @HasanAbi KEKL,amarvelousloco,"2023-10-16 18:10:03,549",
10/10 that one was different o7,redeyeink,"2023-10-16 18:10:03,604",
9/10,dragon_of_chaos12,"2023-10-16 18:10:03,702",
Pivo,hijodeoffliner,"2023-10-16 18:10:03,793",
"Well Hitler warned the Jews and the Roma that he hated them so I guess it's cool
""
",biking_solo,"2023-10-16 18:10:03,888",
10/10,peepeepiker,"2023-10-16 18:10:03,916",
10/10,aymantion,"2023-10-16 18:10:04,100",
10/10,young5ocrates,"2023-10-16 18:10:04,251",
10/10,aubatch,"2023-10-16 18:10:04,280",
10/10 practically a war crime,swedagawd,"2023-10-16 18:10:04,456",
oh that one was dirrttyyyy 10/10,h_siddiqui,"2023-10-16 18:10:04,588",
Stinky :(,corruptedmirror,"2023-10-16 18:10:04,762",
fully got got,platypus_dreaming,"2023-10-16 18:10:04,793",
10/10,bendyjenga,"2023-10-16 18:10:05,070",
"that's why I sub TPFufun
""
",foxst3v3,"2023-10-16 18:10:05,102",
Why would ppl  volunteerily leave their homes,youngheartedmom,"2023-10-16 18:10:05,495",
No no no no nk,bennygee24,"2023-10-16 18:10:05,523",
@Hasanabi  vox video on the nakba https://www.youtube.com/watch?v=rGVgjS98OsU,5now_,"2023-10-16 18:10:05,576",
Psychotic,bombkitty_,"2023-10-16 18:10:05,576",
WICKED,rcpinto_,"2023-10-16 18:10:05,656",
10/10,rabajiingaming,"2023-10-16 18:10:05,977",
9.5/10,carlyraejeps,"2023-10-16 18:10:06,016",
These are getting psychotic now lmao @hasanabi,burristorn,"2023-10-16 18:10:06,177",
10/10,ermaltopalli,"2023-10-16 18:10:06,519",
10/10 oh fuck,sirbrothet,"2023-10-16 18:10:06,548",
8/10 on fire today,dang_u,"2023-10-16 18:10:06,548",
"@TuckrdOut, he is the snitch",ahmedxi224,"2023-10-16 18:10:06,704",
10/10,tuvoc777,"2023-10-16 18:10:06,741",
10/10,silent_j420,"2023-10-16 18:10:06,788",
10,cam_jun,"2023-10-16 18:10:07,133",
"@lekky04 nazis comin in here thinking they belong AintNoWay blud thinks he's on the team üíÄüíÄüíÄ
""
",leastderangedgrayname,"2023-10-16 18:10:07,309",
7/10,gripplechew,"2023-10-16 18:10:07,383",
"Not gross, but nasty",chikeyo,"2023-10-16 18:10:08,156",
you motherfucker PogO 9/10,sando___,"2023-10-16 18:10:08,190",
The Segway are deliberately great,bluemoon696,"2023-10-16 18:10:08,364",
"10/10 that was nasrt, good job",borrachilla,"2023-10-16 18:10:08,395",
PogO TomatoTime 9/10,redskail,"2023-10-16 18:10:08,445",
10/10,cheaperthanartschool,"2023-10-16 18:10:08,771",
8/10,filibusterforfree,"2023-10-16 18:10:08,804",
9/21,bennygee24,"2023-10-16 18:10:08,852",
10/10,ser1ousgoose,"2023-10-16 18:10:09,135",
twitch plebs are the most opressed @HasanAbi,glewis202,"2023-10-16 18:10:09,490",
10/10,nudimud00,"2023-10-16 18:10:09,517",
Brought to you by pampers,basednas,"2023-10-16 18:10:09,570",
0/10 vile ad-break denialism,janviercf,"2023-10-16 18:10:09,650",
extensive documentation shows that that the vast majority of palestinians fled because of fear of zionist militias arriving or literally just zionist attacks on villages,aske_rl,"2023-10-16 18:10:09,730",
good timing my headset needs to be recharged,paco_day_taco,"2023-10-16 18:10:10,103",
10/10 DANKIES PeepoWeen,thegodmother,"2023-10-16 18:10:10,516",
8/10 for speedread peepoPog,resubscribe,"2023-10-16 18:10:10,939",
9/11,bennygee24,"2023-10-16 18:10:11,097",
PogO 10/10,ekun,"2023-10-16 18:10:11,741",
Does Israel currently claim that Gaza is theirs?,daps13,"2023-10-16 18:10:12,151",
10/10,bill_vog,"2023-10-16 18:10:12,241",
Pivo what,owits,"2023-10-16 18:10:12,598",
PogO 10/10,puff29,"2023-10-16 18:10:13,266",
10/10 BOOOOOOOOOOOOOOOOOOOOOOOOOOOOO @HasanAbi,ilanishere,"2023-10-16 18:10:14,142",
The rape truthers in chat are crazy. FOH,faith577,"2023-10-16 18:10:14,403",
Mf i knew you were going there hasSilly hasSilly hasSilly hasSilly,marrrdito,"2023-10-16 18:10:14,608",
10/10,meltdownlemon,"2023-10-16 18:10:15,037",
10/10,timidcrayonbox,"2023-10-16 18:10:15,634",
"I'm going to violently resist ads dsaSOUP
""
",thetonebox,"2023-10-16 18:10:15,695",
this was you must fucked up ad break,cathury,"2023-10-16 18:10:15,940",
hasStop hasStop hasStop hasStop,mage1941,"2023-10-16 18:10:16,057",
PogO PogO PogO,juncht,"2023-10-16 18:10:16,349",
RIDING 10/10,xjayayewhy,"2023-10-16 18:10:17,299",
10/10 D:,twichty,"2023-10-16 18:10:18,199",
WHIPLASH FROM THAT ONE 10/10,novasueno,"2023-10-16 18:10:18,977",
What the fuck happened in brussels?,sailor_coom,"2023-10-16 18:10:19,407",
peepoHas Thank you m0nolit_ for the 5 gifties! DANKIES,fossabot,"2023-10-16 18:10:19,851",
10/10,monchenjiners,"2023-10-16 18:10:19,936",
tedlan1 just subbed using Prime for 3 months! bleedPurple https://twitch.amazon.com/tp,fossabot,"2023-10-16 18:10:20,372",
RIDING 10,xxliamtx,"2023-10-16 18:10:20,503",
"@ronaldo_penaldo Chatter, go take a shower, please",judgmentalowl,"2023-10-16 18:10:20,547",
pepeP,hasanisabi,"2023-10-16 18:10:21,428",
3/10,allcatsarebootiful,"2023-10-16 18:10:21,463",
HUH,satorinin,"2023-10-16 18:10:21,537",
9/10,diegoivanmr95,"2023-10-16 18:10:21,588",
HUH,gladiusnova,"2023-10-16 18:10:22,903",
5/10,chachkicorner,"2023-10-16 18:10:23,021",
Hablen de lo de B√©lgica,hispaniaenruinas,"2023-10-16 18:10:23,131",
10/10 Filthy,krippledforlife,"2023-10-16 18:10:23,764",
10/10,neon_lainfall,"2023-10-16 18:10:23,796",
So they are just going to do it again and the rest of the world is just going to watch?,bigtaizy,"2023-10-16 18:10:24,116",
"@illiteratesoup, Gladge thanks I am, hope you are too LUBBERS",david_leonard,"2023-10-16 18:10:24,651",
@LeastDerangedGrayname oh you read that? It was weird ye,lekky04,"2023-10-16 18:10:24,874",
@hasanabi wow. Naqba jebait I am disappoint... 9/10,dangerdaveball,"2023-10-16 18:10:24,946",
it is TomatoTime 9/10,0pvnrt0,"2023-10-16 18:10:25,443",
how do you keep going with that 3 minute adbreak spiel,hauntedputty,"2023-10-16 18:10:25,668",
HUH,lionel_the_unicorn,"2023-10-16 18:10:26,769",
10/10,left_brainn,"2023-10-16 18:10:27,245",
HuhChamp,a3bshy,"2023-10-16 18:10:28,010",
"time to talk shit since I can't here your responses
""
",playswowtoomuch,"2023-10-16 18:10:29,662",
HUH,berimbox,"2023-10-16 18:10:29,695",
i wish i knew more about the nakba but they dont talk about it in israel,kakistocrator,"2023-10-16 18:10:29,695",
Cold as ice,yourturnmyturn,"2023-10-16 18:10:29,695",
Is Israel basically an industry plant? @hasanabi,nillster,"2023-10-16 18:10:29,876",
dsaNODDERS dsaNODDERS dsaNODDERS,waaaaaatx,"2023-10-16 18:10:32,631",
"@HasanAbi just wanna say every segue has been exceptional today, you're on a roll big guy :) :)
""
",connor25401qc,"2023-10-16 18:10:33,450",
Hi,cashmoniflow,"2023-10-16 18:10:34,269",
@Hasanabi vox video on the nakba https://www.youtube.com/watch?v=rGVgjS98OsU,5now_,"2023-10-16 18:10:34,432",
Bro fuck your ad segues 0/10,flydog213,"2023-10-16 18:10:35,294",
10/10,glewis202,"2023-10-16 18:10:35,647",
kafka420_ just subbed using Prime for 3 months! bleedPurple https://twitch.amazon.com/tp,fossabot,"2023-10-16 18:10:37,180",
"Gift me sub pls im in tunisia i cant pay :'( XD
""
",smaassshh,"2023-10-16 18:10:38,059",
SeizedTheMeanss just subbed using Prime for 11 months! bleedPurple https://twitch.amazon.com/tp,fossabot,"2023-10-16 18:10:38,616",
6/10 but ill give u +2 pts bc i can tell that ur tired,jonawit,"2023-10-16 18:10:40,926",
9/10,godofthieves,"2023-10-16 18:10:42,052",
I have a crazy take: ethnic cleansing is never justified,fiiiilth,"2023-10-16 18:10:45,800",
"holy shit i said here instead of hear, ben made me dumb",playswowtoomuch,"2023-10-16 18:10:45,828",
@lekky04 yup Classic,leastderangedgrayname,"2023-10-16 18:10:45,881",
@flydog213 elisBased,fredportcullis,"2023-10-16 18:10:46,877",
@hasanabi @ronaldo_penaldo Weirdo NERD freak,maggiepie411,"2023-10-16 18:10:50,054",
"DANKIES üîî 179 chatters rated this ad segue an average of 8.67/10 - incredible, hassy! PeepoBlush",topothehourbot,"2023-10-16 18:10:50,691",
9/10,silverhand505,"2023-10-16 18:10:52,455",
Cyring voluntarily,groanmemorandum,"2023-10-16 18:10:53,437",
10/10 destroyed em,justsomebrown,"2023-10-16 18:10:53,930",
"Chat check out Ilan Pappes Ethnic Cleansing in Palestine. It's all about the Nakba.
""
",cwrigs9,"2023-10-16 18:10:54,807",
@hasanabi 3 minute ad break denialism is gross,alexcrouch93,"2023-10-16 18:10:55,466",
@HasanAbi Literally the same thing is said about every ethnic cleansing,satorinin,"2023-10-16 18:10:55,881",
Voluntarily left at the barrel of a gun,imitation_brand,"2023-10-16 18:10:57,619",
Ad 1 of 10 LET‚ÄôS GO,acheofhead,"2023-10-16 18:10:57,762",
@HasanAbi but what was the worst for me was when they told people to evacuate just to bait them,soukoukou69,"2023-10-16 18:10:57,966",
Bstine19 just re-subbed for 2 months! POGGIES,fossabot,"2023-10-16 18:10:59,720",
"@CatballArena, "" That didn't happen. And if it did, it wasn't that bad. And if it was, that's not a big deal. And if it is, that's not my fault."" - Zionism",filibusterforfree,"2023-10-16 18:11:01,183",
"Bedge gn chat, gotta go hasL",n1cky99,"2023-10-16 18:11:03,147",
they said the same shit about each of the removals of native ppl,pantryghost,"2023-10-16 18:11:03,557",
Just a little ethnic cleansing :tf:,celtickingdom,"2023-10-16 18:11:08,267",
truckslapper just subbed using Prime for 38 months! bleedPurple https://twitch.amazon.com/tp,fossabot,"2023-10-16 18:11:08,296",
hasRight hasSpooked hasLeft hasRight hasKapp hasLeft hasRight hasPains hasLeft,maw67890,"2023-10-16 18:11:09,319",
Tuckk @n1cky99,resubscribe,"2023-10-16 18:11:09,906",
@n1cky99 peepoBye,platypus_dreaming,"2023-10-16 18:11:10,321",
"Watch Hasan's latest gaming video: THE COPS IN CYBERPUNK 2.0 ARE RUTHLESS! - https://youtu.be/pIIjRJG9BiE
""
",fossabot,"2023-10-16 18:11:10,462",
RareParrot,xjayayewhy,"2023-10-16 18:11:10,605",
combustiblel3m0n just re-subbed for 14 months! POGGIES,fossabot,"2023-10-16 18:11:11,135",
?,mr_phi4h,"2023-10-16 18:11:11,544",
omggggg PeepoBlush is so cute with the pumpkin widepeepoHappy,leastderangedgrayname,"2023-10-16 18:11:13,182",
How do i donate?,cakeandwine69,"2023-10-16 18:11:13,795",
smHead,xcrimsonwolfx,"2023-10-16 18:11:14,207",
Chatting . o O ( has0head ),spanonanochano,"2023-10-16 18:11:14,377",
smHead,synthessencevr,"2023-10-16 18:11:14,884",
CHATTER CANT READ,mlgstinky,"2023-10-16 18:11:14,952",
"NERD uhm, source?",jace7z,"2023-10-16 18:11:15,134",
wing stop ad!,playswowtoomuch,"2023-10-16 18:11:16,390",
has VICE done a piece on this yet ?,plutoz7,"2023-10-16 18:11:16,634",
gtfoh chatter,smashy_here,"2023-10-16 18:11:16,719",
@n1cky99 gn hasL Tuckk,thegodmother,"2023-10-16 18:11:17,076",
smHead,xxliamtx,"2023-10-16 18:11:17,484",
yeah no totally,hasanisabi,"2023-10-16 18:11:17,523",
Pepega,anthas_,"2023-10-16 18:11:18,064",
HUH,leastderangedgrayname,"2023-10-16 18:11:18,494",
wow,hegemonicworldpeace,"2023-10-16 18:11:18,662",
thanks for that ethan,samh4in,"2023-10-16 18:11:19,122",
reddit chatter,agitat3d,"2023-10-16 18:11:19,231",
Classic Grey names as usual,gnut_gnibbler,"2023-10-16 18:11:20,862",
Pivo,goutofwar,"2023-10-16 18:11:21,278",
the exact opposite?,n1naishere,"2023-10-16 18:11:21,311",
"""say the opposite"" KEKW totally dude",stealthytaters,"2023-10-16 18:11:21,369",
Pivo,psychonaut3000,"2023-10-16 18:11:22,176",
Debate pervert,bossman201812,"2023-10-16 18:11:22,360",
smHead,aelis58,"2023-10-16 18:11:22,706",
Those are well documented you dumb fuck,woody_you_want,"2023-10-16 18:11:23,116",
Dumbass Classic,coffinspired,"2023-10-16 18:11:23,833",
BatChesting I LOVE APARTHEID,satorinin,"2023-10-16 18:11:24,100",
elisDent,fredportcullis,"2023-10-16 18:11:24,160",
"@maggiepie411, make sure you @ a mod directly. fr fr. nice catch on the weirdo",illiteratesoup,"2023-10-16 18:11:24,549",
JESUS FUCKING CHRIST??????????,leastderangedgrayname,"2023-10-16 18:11:25,117",
BatChesting BatChesting BatChesting BatChesting,tolerance00,"2023-10-16 18:11:25,150",
Evidence andy smHead,tortuges_,"2023-10-16 18:11:25,403",
This person loves the police?,nigelqb,"2023-10-16 18:11:25,804",
Hasan making things up? NOTED,tuxedofriday,"2023-10-16 18:11:25,834",
üò≠,toxicsjw,"2023-10-16 18:11:26,029",
CHATTING,kschumann,"2023-10-16 18:11:26,292",
mossad coded,madondo,"2023-10-16 18:11:26,802",
Chatting I is pretty smart,cwrigs9,"2023-10-16 18:11:27,016",
NOPERS NO RAPE HERE,hasanisabi,"2023-10-16 18:11:27,827",
@carfreak95 the Jews were also ethnically cleansed from the Arab world after nakba denying one or the other is historical revisionism,darknight_42_,"2023-10-16 18:11:28,440",
peepoHas i read it on twitter,quelco,"2023-10-16 18:11:28,480",
HUH,kushkowboy6,"2023-10-16 18:11:28,520",
THE RDB lol,reap9n,"2023-10-16 18:11:28,964",
BatChest reddit,pgeri91,"2023-10-16 18:11:29,976",
hasPains,thegodmother,"2023-10-16 18:11:30,050",
most normal ronaldo fan,narjuh,"2023-10-16 18:11:31,820",
chatter is a reddit pervert KEKW,jaysogs,"2023-10-16 18:11:31,853",
Pivo same arguments,joaquinteve,"2023-10-16 18:11:31,853",
YOU FUCKING ZIONIST SCUM FUCK YOURSELF PepeSpit,chairmandref,"2023-10-16 18:11:31,853",
8.6 some of y‚Äôall just hate for jollies,redeyeink,"2023-10-16 18:11:31,853",
Dork alert üö®,shmowderman,"2023-10-16 18:11:32,195",
reddit detectives LULW,kinesisvt,"2023-10-16 18:11:32,794",
Go back to Reddit loser Bedge,kev_n,"2023-10-16 18:11:33,152",
historically people who have asymmetrical power over others never use it,orastesjj,"2023-10-16 18:11:33,201",
Pivo,mlgstinky,"2023-10-16 18:11:34,585",
DID THIS FREAK JUST DENY EVERY SINGLE RAPE?????,leastderangedgrayname,"2023-10-16 18:11:35,814",
BatChest WE DID IT REDDIT BIG CHUNGUS,celtickingdom,"2023-10-16 18:11:35,841",
kronoslive21 just subbed using Prime! bleedPurple https://twitch.amazon.com/tp,fossabot,"2023-10-16 18:11:35,841",
He is right about penaldo tho,extremepeanut,"2023-10-16 18:11:35,841",
zio bot,bitagz,"2023-10-16 18:11:35,841",
HUH,starlegend__,"2023-10-16 18:11:35,986",
KEKW PENALDO,bigbogsten,"2023-10-16 18:11:36,326",
@cakeandwine69 type !donate,craven_darkshadow,"2023-10-16 18:11:38,271",
Shut up Ronaldo hater grey name,facticity,"2023-10-16 18:11:38,300",
Can I get a sub,cashmoniflow,"2023-10-16 18:11:39,089",
Pivo,junipherstar,"2023-10-16 18:11:39,146",
!subs,jonawit,"2023-10-16 18:11:39,249",
there is no rape in ba sing se :),stealthytaters,"2023-10-16 18:11:39,438",
"KEKWait WE HAVEN'T FINISHED THE BEN SHAPIRO VIDEO KEKWait WE HAVEN'T FINISHED THE BEN SHAPIRO VIDEO KEKWait WE HAVEN'T FINISHED THE BEN SHAPIRO VIDEO KEKWait
""
",hijodeoffliner,"2023-10-16 18:11:39,471",
KEKW,aymantion,"2023-10-16 18:11:40,418",
"BatChesting I'M SETTLINGGGGGG
""
",satorinin,"2023-10-16 18:11:40,454",
Clueless,fackingl,"2023-10-16 18:11:40,587",
he should just say that he cant read,lutilauu,"2023-10-16 18:11:40,690",
this guy is denying the nakba,n1naishere,"2023-10-16 18:11:40,808",
Pivo,platypus_dreaming,"2023-10-16 18:11:42,265",
"""atested""",enji_____,"2023-10-16 18:11:42,591",
PepeSpit,synthessencevr,"2023-10-16 18:11:42,696",
Pivo,jisoodreamcatcher,"2023-10-16 18:11:42,870",
Classic GRAY NAMES,420b00tyvvizard,"2023-10-16 18:11:44,416",
shut up ronaldo,spanonanochano,"2023-10-16 18:11:44,451",
WICKED,groanmemorandum,"2023-10-16 18:11:44,534",
Donate to support the people of Palestine with much needed medical assistance: https://donate.tiltify.com/@hasanabi/palestinian-medical-assistance,fossabot,"2023-10-16 18:11:45,072",
"BLUE CHECK TWITTER HAS DESTROYED PEOPLE'S BRAINS
""
",hasanisabi,"2023-10-16 18:11:45,483",
BebeLa Ethan,quote_if_shahzam_whiff,"2023-10-16 18:11:45,678",
Detect,memastermike,"2023-10-16 18:11:46,521",
hasNerd_HF actually,witcheryrocky,"2023-10-16 18:11:46,549",
Thanks ethan,charmyleon,"2023-10-16 18:11:46,896",
Concerned,itsdismay,"2023-10-16 18:11:48,056",
ay ya yai larxaComfy,foxst3v3,"2023-10-16 18:11:48,511",
Pivo,juniorprs3,"2023-10-16 18:11:48,647",
GET HIM OUTTA HERE,detailstudios,"2023-10-16 18:11:48,921",
PepeSpit PepeSpit PepeSpit,thegodmother,"2023-10-16 18:11:49,058",
ZIONIST SPOTTED,obscure_one_,"2023-10-16 18:11:49,119",
Get slapped,hguhkr,"2023-10-16 18:11:49,433",
SIUUUU,hugeballs444,"2023-10-16 18:11:49,775",
good shit reddit detective OKAY,psychonaut3000,"2023-10-16 18:11:49,816",
Classic gray name,soggyburrito,"2023-10-16 18:11:49,856",
holy fuck some people need to be _______,leastderangedgrayname,"2023-10-16 18:11:50,457",
fucking idiot,starkuhh,"2023-10-16 18:11:51,530",
PepeSpit,neozurg,"2023-10-16 18:11:51,807",
SIUUUU,m0nolit_,"2023-10-16 18:11:52,813",
Your brain is SMAAAALLLL CHATTER,thetonebox,"2023-10-16 18:11:52,865",
"hasan rarely backs up the things he says. remarkably, hes right like 80% of the time anyway",p0p3_t,"2023-10-16 18:11:53,734",
"Well if there was rape they would have to report it and they haven't /s
""
",jarjarchared,"2023-10-16 18:11:53,866",
or sleep at night,agitat3d,"2023-10-16 18:11:54,014",
@ronaldo_penaldo oof,nerkler,"2023-10-16 18:11:54,579",
Ructious_12 just subbed using Prime for 40 months! bleedPurple https://twitch.amazon.com/tp,fossabot,"2023-10-16 18:11:54,740",
gtfo chatter,fullsun_mode,"2023-10-16 18:11:55,475",
Love when he pops off truly,tboz1431,"2023-10-16 18:11:55,515",
disgusting,timelapz,"2023-10-16 18:11:55,629",
GET FUCKED CHATTER,reap9n,"2023-10-16 18:11:55,885",
PepeSpit,himbomp3,"2023-10-16 18:11:56,035",
WTFF,kait516,"2023-10-16 18:11:57,625",
@HasanAbi you should listen to this!!! https://www.nytimes.com/2023/10/16/podcasts/the-daily/gaza-israel.html  please people need to hear it,kazofthesixth,"2023-10-16 18:11:57,794",
well said,achillesm420,"2023-10-16 18:11:58,649",
@HasanAbi report on rape and the nakba btw,madebymidas,"2023-10-16 18:11:58,829",
@hasanabi bro here‚Äôs Haaretz saying an Israeli historian found meticulous documentation of the Nakba. https://www.haaretz.com/israel-news/2019-07-05/ty-article-magazine/.premium/how-israel-systematically-hides-evidence-of-1948-expulsion-of-arabs/0000017f-f303-d487-abff-f3ff69de0000,j1bjab,"2023-10-16 18:11:58,864",
PepeSpit,danuxvz,"2023-10-16 18:11:59,534",
they dont think Shrug its easy,madondo,"2023-10-16 18:11:59,981",
its true disassociation,liberacc1,"2023-10-16 18:12:00,010",
OMEGALUL,ovin33r,"2023-10-16 18:12:00,058",
AintNoWay,burristorn,"2023-10-16 18:12:00,198",
GET HIS ASS LETSGO,salvadorzombie,"2023-10-16 18:12:00,595",
YOUR DISCORD SERVER DRAFTED THIS TOGETHER ICANT YOUR DISCORD SERVER DRAFTED THIS TOGETHER ICANT,andreastreeter,"2023-10-16 18:12:00,787",
@HasanAbi https://www.middleeasteye.net/news/israel-palestine-ben-gurion-wipe-out-villages-1948-show-documents,lionel_the_unicorn,"2023-10-16 18:12:01,312",
RIPBOZO,jpili,"2023-10-16 18:12:01,619",
PepeSpit,elizs1utbeth,"2023-10-16 18:12:02,549",
real person writing that lol,forbiddensubsequence,"2023-10-16 18:12:03,872",
PepeSpit,luvabunny613,"2023-10-16 18:12:04,282",
RIPBOZO,fabulouswu,"2023-10-16 18:12:04,311",
hasSlam hasSlam hasSlam,sonyknight100,"2023-10-16 18:12:04,794",
RIPBOZO,drophinoia,"2023-10-16 18:12:05,165",
bcus its inhumane as hell,liberacc1,"2023-10-16 18:12:05,223",
Pivo love a pint at the footy,jebteezybush,"2023-10-16 18:12:05,328",
PepeSpit,junipherstar,"2023-10-16 18:12:05,741",
MASK OFF,obscure_one_,"2023-10-16 18:12:05,839",
Just nasty,brilovesu95,"2023-10-16 18:12:06,165",
PepeSpit,lemonwizrd,"2023-10-16 18:12:06,370",
"@LeastDerangedGrayname yep, peepoSmile [REDACTED]",resubscribe,"2023-10-16 18:12:06,451",
hateeee the ad lmao,freakiedeekie,"2023-10-16 18:12:06,967",
PepeSpit,starlegend__,"2023-10-16 18:12:08,173",
That happens wtf?,lordpeebis69,"2023-10-16 18:12:08,582",
ah fuck that fuckin sucks what the hell chatter,ebridgette,"2023-10-16 18:12:08,609",
RIPBOZO,danuxvz,"2023-10-16 18:12:08,804",
PepeSpit PepeSpit,thegodmother,"2023-10-16 18:12:08,998",
@thetonebox AND SMOOOOOTH dsaRose,drdubbler,"2023-10-16 18:12:09,134",
FREAKS,jonawit,"2023-10-16 18:12:09,445",
Fucking moron,shmowderman,"2023-10-16 18:12:09,597",
PepeSpit,fabulouswu,"2023-10-16 18:12:10,631",
Pepespit,holocenehasbeen,"2023-10-16 18:12:10,718",
Fuck you chatter.....wow,zeadlots,"2023-10-16 18:12:10,924",
LUL penaldo,asterz573,"2023-10-16 18:12:10,977",
PepeSpit,hguhkr,"2023-10-16 18:12:11,141",
PepeSpit,qalla_s,"2023-10-16 18:12:11,946",
debate lord for rape accusations,zdgro,"2023-10-16 18:12:12,654",
NAZI SCUM RIPBOZO,dave_____________________,"2023-10-16 18:12:13,335",
PepeSpit rape apologist chatter,thedochall,"2023-10-16 18:12:13,539",
I hope you get to live in their world one day chatter peepoSmile üëç,chairmandref,"2023-10-16 18:12:14,010",
absolutely disgusting take you freak chatter,anthas_,"2023-10-16 18:12:14,039",
Don‚Äôt let them get to you Hasan.,actionsspeak_,"2023-10-16 18:12:14,624",
"your namesake is a grape apologist too, makes sense",mehhrehh,"2023-10-16 18:12:14,766",
hasSlam hasSlam hasSlam,obscure_one_,"2023-10-16 18:12:15,546",
"I stepped away from Twitch to eat dinner and read my kid a book about 40 minutes ago, when @hasanabi started this Sharpio video. Now, he‚Äôs not even 3 minutes in hasGachi hasGachi hasGachi",dryeetmcnaenae,"2023-10-16 18:12:15,853",
@ronaldo_penaldo smartest debate pervert KEKL,legitsalvage,"2023-10-16 18:12:16,030",
hasSlam hasSlam hasSlam,drophinoia,"2023-10-16 18:12:16,224",
IT IS WELL DOCUMENTED KEKW,d726,"2023-10-16 18:12:16,505",
PepeSpit,jeeroz,"2023-10-16 18:12:18,060",
dsaDebate PepeSpit,komradewinston,"2023-10-16 18:12:18,643",
"There are documented cases of SA against israeli women, do they think they just dont SA palestinians?",nigelqb,"2023-10-16 18:12:18,848",
"he's shaking, can't even type RIPBOZO
""
",jpili,"2023-10-16 18:12:19,233",
PepeSpit disgusting,lemonwizrd,"2023-10-16 18:12:19,394",
YEP Orwellian hell scape,celtickingdom,"2023-10-16 18:12:19,435",
the gigantic piece of shit you have to be to type that out‚Ä¶ holy fuck PepeSpit,leastderangedgrayname,"2023-10-16 18:12:19,520",
PepeSpit get fucked chatter,nupuroo,"2023-10-16 18:12:19,708",
PepeSpit,robknightt,"2023-10-16 18:12:20,461",
IDF bot,dubbinsan,"2023-10-16 18:12:20,544",
PepeSpit nasty ass freak,thebigsad1701,"2023-10-16 18:12:21,076",
"resubscribe, platypus_dreaming, thegodmother ty hasL Tuckk",n1cky99,"2023-10-16 18:12:21,793",
hasan for president,therodrigueztwins,"2023-10-16 18:12:21,961",
PepeSpit,jisoodreamcatcher,"2023-10-16 18:12:23,021",
PogChamp PogChamp PogChamp,hispaniaenruinas,"2023-10-16 18:12:23,097",
"Racist, sexist piece of shit chatter",thunderslashed,"2023-10-16 18:12:23,841",
hasRaid hasRaid hasRaid,janembus_sky,"2023-10-16 18:12:23,880",
even worse than south africa,soumatia,"2023-10-16 18:12:24,353",
Classic messi fan,owits,"2023-10-16 18:12:25,581",
@hasanabi search tantura on YouTube where they admit to rape,ramios1131,"2023-10-16 18:12:25,617",
"@HasanAbi it's not unlike Ronaldo stans to do rape apologia
""
",cymruphoenix,"2023-10-16 18:12:25,878",
PepeSpit,mayacult,"2023-10-16 18:12:27,022",
martial law zero rights made up laws,timelapz,"2023-10-16 18:12:28,039",
Americans not knowing why black people here have the last name Washington or Jackson Aware,kushkowboy6,"2023-10-16 18:12:28,175",
GO FUCK URSELF RONALDO,starkuhh,"2023-10-16 18:12:28,274",
fucking derainged chatter,chrissy420x,"2023-10-16 18:12:28,858",
PENALD OMEGALUL,dailylaughter,"2023-10-16 18:12:29,020",
Ronaldo rape apologist. Checks out,rcpinto_,"2023-10-16 18:12:30,055",
True,hamoudlmrini,"2023-10-16 18:12:30,186",
IT IS WELL DOCUMENTED KEKW SEMANTICS NERDS,d726,"2023-10-16 18:12:30,489",
If an institution does not document a crime it means that it did not happen... Libs,unhoped4,"2023-10-16 18:12:30,574",
YEP,latepizza,"2023-10-16 18:12:33,538",
@dryeetmcnaenae KEKW,ilanishere,"2023-10-16 18:12:33,570",
YEP,fackingl,"2023-10-16 18:12:33,704",
smHead,dunfur,"2023-10-16 18:12:34,286",
truth,hamoudlmrini,"2023-10-16 18:12:34,903",
@HasanAbi report on rape and the nakba btw https://www.tandfonline.com/doi/abs/10.1080/1369801X.2021.1892513,madebymidas,"2023-10-16 18:12:36,159",
chatter eww you are gross,profwobbles,"2023-10-16 18:12:36,209",
that idiot watched a whole history timeline and still says that,bitagz,"2023-10-16 18:12:37,764",
DUMMY CHATTER RIPBOZO,dr_nimbu,"2023-10-16 18:12:37,891",
yep,achillesm420,"2023-10-16 18:12:37,954",
YEP,cummesh,"2023-10-16 18:12:38,812",
The Reddit brigade isn‚Äôt sending their best,kev_n,"2023-10-16 18:12:38,988",
Biden going to israel on wednesday lol,jenniferosting_,"2023-10-16 18:12:39,103",
PepeSpit,obscure_one_,"2023-10-16 18:12:40,942",
@HasanAbi also they doesnt hide it  https://www.middleeasteye.net/news/israel-palestine-ben-gurion-wipe-out-villages-1948-show-documents,lionel_the_unicorn,"2023-10-16 18:12:41,454",
they throw out words like they want us to react horrified like bitch we already know,imaginashin,"2023-10-16 18:12:41,495",
@resubscribe CrungoSmile [REDACTED FROM FILE],leastderangedgrayname,"2023-10-16 18:12:41,673",
Classic Ronaldo,falchionsensei,"2023-10-16 18:12:42,335",
bot,dubbinsan,"2023-10-16 18:12:42,465",
"They don't live with themselves. They live with their moms.
""
",bigtaizy,"2023-10-16 18:12:42,542",
"YEP That's a good point
""
",sincesynthesis,"2023-10-16 18:12:42,631",
his name indicated he hates cristiano ronaldo who supports palestine it all makes sense now,treeko0,"2023-10-16 18:12:42,768",
he left,zer0integrity,"2023-10-16 18:12:44,423",
YEP spot on,urbanserpent,"2023-10-16 18:12:44,766",
PepeSpit rape apologist,lemonwizrd,"2023-10-16 18:12:45,448",
chatter is a nasty bitch huh,filibusterforfree,"2023-10-16 18:12:46,082",
Nakba deniers need to be banned,apollo_mmhr,"2023-10-16 18:12:46,138",
I‚Äôm sorry is this person wondering why this isn‚Äôt an academic conference presentation. You are watching a twitch stream bro.,hateithere99,"2023-10-16 18:12:47,071",
BebeLa soccer,superpooper,"2023-10-16 18:12:48,417",
PepeSpit is the israeli propaganda arm paying you or are you working for free chatter,elizs1utbeth,"2023-10-16 18:12:49,055",
ronaldo fan BebeLa,woodensity,"2023-10-16 18:12:49,094",
"debate pervert can't help being obtuse
""
",n1naishere,"2023-10-16 18:12:49,923",
A certain subreddit is non stop posting this exact bullshit... sick fucking freaks downplaying rape @HasanAbi,theniske,"2023-10-16 18:12:50,363",
YEP,sharifa,"2023-10-16 18:12:50,977",
he left,dubbinsan,"2023-10-16 18:12:51,387",
Classic PENALDO,420b00tyvvizard,"2023-10-16 18:12:52,241",
REEE,itsdismay,"2023-10-16 18:12:52,313",
"Rapes, notoriously getting solved and convicted all the time...",mandojams,"2023-10-16 18:12:53,128",
