message,user,date
gross that some in chat are like ‚Äúmove on already‚Äù self-centered heartless fks,raggeddyann,"2023-12-07 12:22:16,369"
@kaz90 exactly,leastderangedgrayname,"2023-12-07 12:22:16,632"
LookUp,mushroll,"2023-12-07 12:22:17,041"
"isn't there also american troops on ground there too?
""
",aj_squared,"2023-12-07 12:22:17,346"
"""israel can defend itself"" nonsense is just blank check for  genocide",tiberiumausten,"2023-12-07 12:22:17,452"
and thank you chat for caring,mischalux,"2023-12-07 12:22:18,782"
WTFF,eyezra_,"2023-12-07 12:22:18,811"
never stop covering what you need to cover,chrisvmusic,"2023-12-07 12:22:18,811"
the value of your labor goes toward israeli bombs,brcfrmn,"2023-12-07 12:22:18,811"
RIPBOZO,dako_i,"2023-12-07 12:22:18,811"
hasKomrade hasKomrade hasKomrade,aunt_effa,"2023-12-07 12:22:19,603"
YEP,n1naishere,"2023-12-07 12:22:19,664"
@HasanAbi Hell even our carrier is there to keep it a genocide and not a war Despairge,2bas3d,"2023-12-07 12:22:19,695"
EZ ModTime,mijnboot,"2023-12-07 12:22:19,792"
"@HasanAbi Do you support the creation of the People's Republic of Chattanooga
""
",inkypoison,"2023-12-07 12:22:20,113"
We are Tony Stark pre-iron man,michael_r_hassler,"2023-12-07 12:22:21,206"
Concerned,flysociety2o9,"2023-12-07 12:22:21,445"
<3 <3 <3,lovethekermit6,"2023-12-07 12:22:23,112"
RIPBOZO,n1cky99,"2023-12-07 12:22:23,800"
"Watching thisas broadcast is watching why I can't afford healthcare and have student loan debt
""
",witonis,"2023-12-07 12:22:25,456"
KEKL,carnagewolf1,"2023-12-07 12:22:26,155"
our silence is complicity in these atrocities,dianag512,"2023-12-07 12:22:27,282"
"@hasanabi, when will there be a tipping point for the international community to step in?? when there is no gaza anymore? When? i know they are arabs but they are people too",bacianana,"2023-12-07 12:22:27,310"
"@r33s3sp13c3s gotcha, thats what I was assuming but wanted to double check. Thank you!",theyoakster,"2023-12-07 12:22:28,306"
"idk if you would call yourself this because youre too humble but i would also say that you have an expert (or very close to expert) level understanding of the media's reporting of palestine man, if not the history
""
",h_siddiqui,"2023-12-07 12:22:28,715"
"this would not be as possible witout our go-ahead, not even sure what level of destruction would be possible without",mitchellmuffins,"2023-12-07 12:22:29,535"
LookUp ModTime bye loser,mushroll,"2023-12-07 12:22:30,866"
the least we can do is post on instagram,laelabella,"2023-12-07 12:22:32,095"
thank you for coverage haydLSlide,jaa_08,"2023-12-07 12:22:34,041"
I love how msm ignores that Hebrew media exists.,swarrlly,"2023-12-07 12:22:35,167"
thoughts on this tweet? https://x.com/breenewsome/status/1732855006154338373?s=46 @hasanabi,ok_osama,"2023-12-07 12:22:36,191"
"@HasanAbi remember the macabees killed jews who didn't agree with them politically fyiiiiii
""
",bortcobain,"2023-12-07 12:22:39,368"
"we have the opportunity that our great grandfather didn't do and deny what's going on
""
",classysmile101,"2023-12-07 12:22:39,538"
"here in nyc, I'm jewish unfortunately so many progressive synagogues are pro israel....we need to keep getting the word out in any way we can...
""
",royalhi5,"2023-12-07 12:22:42,631"
can we like shmerguilloutine shmoe shmiden?,0glowcat0,"2023-12-07 12:22:46,636"
"I like some of turkey toms content but @hasanabi  what is he saying you're lying about
""
",gormorus,"2023-12-07 12:22:48,584"
"Praying daily for all of them, never stop talking about gaza <3",b345t23,"2023-12-07 12:22:50,734"
"I regularly get Ketamine infusions done at a medical facility to help with treatment resistant ptsd and other mental health struggles. This last couple of months has had me in shambles where I cried for an hour straight during the treatment. There is so much pain that my heart and soul cannot comprehend and process. War, and it's many derivatives, fucking sucks.
""
",eevee_sprinkle,"2023-12-07 12:22:56,672"
"Talk until there's a free üáµüá∏
""
",halfnote_the_bard,"2023-12-07 12:22:56,700"
Thanks Hasan for using your platform to inform ppl about all of atrocities happening. You are a blessing,youngheartedmom,"2023-12-07 12:22:57,079"
COGGERS,mynewaccountisgreat,"2023-12-07 12:22:59,335"
@gormorus drama channel,enby_dee,"2023-12-07 12:23:00,741"
@hasanabi here is a great explanation of the oil and gas pipelines involved in this https://twitter.com/PalestineNW/status/1728898644223705187?t=-RtQL0Gg6Iemdq7I042vMA&s=19,mountaingermans,"2023-12-07 12:23:01,075"
@royalhi5 stay strong my friend <3,mischalux,"2023-12-07 12:23:01,408"
How are we going to make world peace happen in our lifetime?,ordergrowth,"2023-12-07 12:23:02,972"
AmericaMoment Looking,absolutwaffles,"2023-12-07 12:23:03,089"
"Watch Hasan's latest video on his official 2nd channel! this diss hurt my soul - https://youtu.be/wU_hGh1eRfM
""
",fossabot,"2023-12-07 12:23:08,961"
NODDERS,platypus_dreaming,"2023-12-07 12:23:09,268"
fr!!!,prole_radio,"2023-12-07 12:23:09,777"
NeverKever,niceharris,"2023-12-07 12:23:10,292"
KEKW,weakestoffliner,"2023-12-07 12:23:13,569"
congress had so much power,crimsontidalwave,"2023-12-07 12:23:14,593"
rest in power rafaat,allprologue,"2023-12-07 12:23:15,104"
hello my glorious king üòá twirls hair,domokunluvr,"2023-12-07 12:23:16,539"
"@HasanAbi what blows my mind about all of this is that whenever the crimes of Hamas are discussed, it's literally only in reference to Oct 7. Israeli crimes have been committed for 60 days straight, all caught on camera, and this is just completely overlooked by all the psychotic pro-Zionists in western media
""
",thefarebear,"2023-12-07 12:23:16,567"
"Hasan can you explain why a genocide needs to occur to allow America to have it's strategic foothold from a liberal perspective? I dont understand why a 1 state solution would hinder that
""
",themighty023,"2023-12-07 12:23:16,668"
NeverKever,tiamani,"2023-12-07 12:23:18,996"
can we bring it back hasRaid,crimsontidalwave,"2023-12-07 12:23:19,943"
NODDERS,sofipeach88,"2023-12-07 12:23:20,737"
boarswan just subbed using Prime for 11 months! bleedPurple https://twitch.amazon.com/tp,fossabot,"2023-12-07 12:23:21,329"
Aware Wokege,weakestoffliner,"2023-12-07 12:23:21,435"
"@HasanAbi it's similar to the sea change in attitudes towards BLM thanks to Leftist activists and your and other people's coverage hasL
""
",redwineterroirist,"2023-12-07 12:23:22,488"
Elise ‚ÄúMcCarthy ‚Äú Stefanik,praxissigma,"2023-12-07 12:23:24,425"
@RoyalHi5 NYer here also but not jewish. I just saw some posters here with barb wires around them. its so insane lately,egglighter,"2023-12-07 12:23:27,505"
Concerned,megaphonix,"2023-12-07 12:23:30,978"
Shrug,platypus_dreaming,"2023-12-07 12:23:31,596"
who,liberacc1,"2023-12-07 12:23:32,309"
"the palestinian people don't have much of a voice, and you're helping to provide that voice for a large amount of viewers
""
",amandalepre,"2023-12-07 12:23:33,845"
"world peace won't happen in our lifetime. that is the first step to world peace.
""
",sadiebaby222,"2023-12-07 12:23:33,986"
???,sofipeach88,"2023-12-07 12:23:34,112"
WH OMEGALUL,kittymazov,"2023-12-07 12:23:34,150"
KEKL,luscious_gandhi,"2023-12-07 12:23:34,284"
carWHO,mf_jewm,"2023-12-07 12:23:34,464"
WH OMEGALUL,hasanhuh,"2023-12-07 12:23:34,609"
wtf is a turkey tom,hasanisabi,"2023-12-07 12:23:35,381"
D:,h0tpancakes,"2023-12-07 12:23:35,893"
KEKW TURKEY TOM,virtualmeal,"2023-12-07 12:23:36,011"
WH OMEGALUL,dezalbos,"2023-12-07 12:23:36,303"
WH OMEGALUL,tiamani,"2023-12-07 12:23:36,332"
W H OMEGALUL ?,nerdthatwaspromised,"2023-12-07 12:23:36,381"
who,kilbrn,"2023-12-07 12:23:36,814"
hasBaited hasBaited hasBaited hasBaited,dreamcatxx,"2023-12-07 12:23:37,223"
KEKW,thehappyparadox,"2023-12-07 12:23:37,738"
wh OMEGALUL ?,brcfrmn,"2023-12-07 12:23:38,145"
"@r33s3sp13c3s yeah, can look at the destruction of al-Jalaa building, held the AP News, Al Jazeera news offices",r33s3sp13c3s,"2023-12-07 12:23:38,174"
sure do,liberacc1,"2023-12-07 12:23:38,174"
talking tom the turkey?,bortcobain,"2023-12-07 12:23:38,225"
WH OMEGALUL,niceharris,"2023-12-07 12:23:38,305"
WH OMEGALUL,henriquegds,"2023-12-07 12:23:38,761"
WH OMEGALUL,halestormuo,"2023-12-07 12:23:38,789"
WH OMEGALUL,adk_215,"2023-12-07 12:23:38,789"
drama channel @HasanAbi,enby_dee,"2023-12-07 12:23:38,922"
A what?,simuser,"2023-12-07 12:23:38,951"
WH OMEGALUL,a3bshy,"2023-12-07 12:23:39,004"
is that some random nazi,jerbil_b,"2023-12-07 12:23:39,165"
Nobody knows who that lowlife bum is,barskiog,"2023-12-07 12:23:39,198"
??????????? KEKL,mr_spiderbyte,"2023-12-07 12:23:40,297"
who???,nupuroo,"2023-12-07 12:23:40,328"
WH OMEGALUL,czequita,"2023-12-07 12:23:40,564"
"Hey @HasanAbi thanks for the educational videos over the past couple of months. I really helped me give a introduction to the conflict and I'm sorry it has affected your mental health. I hope you'll be alright and continue because your commentary is truly appreciated
""
",katheely,"2023-12-07 12:23:41,013"
W H OMEGALUL,cheesemakerx,"2023-12-07 12:23:41,091"
"some youtuber, dont bother",xsuffering_soul,"2023-12-07 12:23:41,401"
TURKEY TOM OMG,sillybilly01,"2023-12-07 12:23:41,435"
WH  OMEGALUL,tiamani,"2023-12-07 12:23:41,729"
callmedaddy47022 just subbed using Prime for 35 months! bleedPurple https://twitch.amazon.com/tp,fossabot,"2023-12-07 12:23:42,139"
OMEGALUL,dezalbos,"2023-12-07 12:23:42,447"
Awkward who,zaby42,"2023-12-07 12:23:42,529"
WH OMEGALUL,kylecfc,"2023-12-07 12:23:42,979"
Turkey Tom is an ignorant jackass,arcanearronax,"2023-12-07 12:23:43,266"
another drama commentary nobody,infam0uz07,"2023-12-07 12:23:43,778"
"these comfy journalist trying to be ""unbiased"" in mainstream media",lizanyasrosetoy,"2023-12-07 12:23:43,973"
he is a drama farm channel!!!! ignoree!!!,keatonwastaken,"2023-12-07 12:23:44,169"
TURKEY TOME OMEGALUL,guerilla_,"2023-12-07 12:23:44,495"
"how do you not know? he's a legend
""
",toxicsjw,"2023-12-07 12:23:44,674"
OMEGALUL,soggyburrito,"2023-12-07 12:23:44,801"
Shrug,decayedpac,"2023-12-07 12:23:44,830"
WH OMEGALUL,madradical_,"2023-12-07 12:23:44,830"
we got another dipshit fuck em,adk_215,"2023-12-07 12:23:44,959"
another youtuber who was talking about you smHead,gloamingluna,"2023-12-07 12:23:45,148"
some Nazi,arabi1050,"2023-12-07 12:23:45,178"
lying about what? lol,n1naishere,"2023-12-07 12:23:45,410"
Hes a drama youtuber,virtualmeal,"2023-12-07 12:23:45,568"
@HasanAbi its a minecrafter you boomer,beansmemesandlean,"2023-12-07 12:23:45,930"
KEKW,exosluckyone,"2023-12-07 12:23:45,961"
WH OMEGALUL,frank_s_art,"2023-12-07 12:23:46,058"
who???,spacecadetgalletas,"2023-12-07 12:23:46,234"
WH OMEGALUL,jh_thebrickman,"2023-12-07 12:23:46,748"
"@hasanabi how was the debate boring, Ramaswamy threw the most hilarious tantrum the entire time",jjjjealous,"2023-12-07 12:23:46,803"
is that like a jimmy johns order,beteljuice,"2023-12-07 12:23:47,026"
"@HasanAbi Do not worry about Turkey tom, he is a cloutfarming creep",delzounmora,"2023-12-07 12:23:47,055"
T OMEGALUL M,laserkei,"2023-12-07 12:23:47,292"
paxgrandiflora just re-subbed for 2 months! POGGIES,fossabot,"2023-12-07 12:23:47,323"
"that's a jimmy johns sandwich yo
""
",boatparade,"2023-12-07 12:23:47,772"
WH OMEGALUL,superfast0jellyfish,"2023-12-07 12:23:47,807"
TURKEY TOM? KEKL,aruzaan,"2023-12-07 12:23:48,309"
"I'm a turkey tom
""
",biking_solo,"2023-12-07 12:23:49,360"
KEKW A TURKEY TOM,jacepatrick,"2023-12-07 12:23:49,394"
brisomber just subbed using Prime for 24 months! bleedPurple https://twitch.amazon.com/tp,fossabot,"2023-12-07 12:23:50,308"
Turkey Time,classysmile101,"2023-12-07 12:23:50,458"
(i have no idea what im saying),toxicsjw,"2023-12-07 12:23:50,583"
he makes gross drama farm content,phillabustah,"2023-12-07 12:23:50,617"
CHICKEN BOB,dreamcatxx,"2023-12-07 12:23:51,124"
ü¶Éü¶Éü¶Éü¶Éü¶É,tolumnias,"2023-12-07 12:23:51,155"
youtube documentarian,h0tpancakes,"2023-12-07 12:23:51,235"
YOUCANT DONT BRONG THAT GUY UP CHAT STFU,cyniciewinikie,"2023-12-07 12:23:51,280"
Pivo Baiting ass chatter,coffinspired,"2023-12-07 12:23:51,613"
dealer farmer,gressenhelleresc,"2023-12-07 12:23:51,806"
who?,zigsithexarkun,"2023-12-07 12:23:51,852"
Turkey tom is drama nazi channel,barskiog,"2023-12-07 12:23:52,711"
"@hasanabi Zelenski is coming to the inauguration of Milei, the ""anarcho-capitalist/libertarian"" new president of Argentina. Thought you should know",sunrose8,"2023-12-07 12:23:53,075"
AintNoWay imagine taking turkey tom seriously,mortjester,"2023-12-07 12:23:53,913"
turkeyturd,doemeater,"2023-12-07 12:23:54,529"
Wh OMEGALUL,weakestoffliner,"2023-12-07 12:23:54,585"
Danki the sandwitch from jimmy johns?,bizzk3t,"2023-12-07 12:23:55,411"
WH OMEGALUL,amandalepre,"2023-12-07 12:23:55,528"
@BetelJuice +2,wihby,"2023-12-07 12:23:56,074"
WH OMEGALUL,middleagejeezy,"2023-12-07 12:23:56,339"
WH OMEGALUL,justredx_,"2023-12-07 12:23:56,502"
Turkey T OMEGALUL M,ellietinybelly,"2023-12-07 12:23:56,588"
"is what's he's saying I think
""
",classysmile101,"2023-12-07 12:23:57,500"
turkey tom is a 4chan loser who wants to pivot to youtube drama boy,treesbeesknees,"2023-12-07 12:23:57,677"
hasNerd context,dirtorbust,"2023-12-07 12:23:57,746"
@BetelJuice KEKL,niceharris,"2023-12-07 12:23:57,966"
Yes you do ass,billysdojo,"2023-12-07 12:23:58,143"
MCSjohnny just re-subbed for 42 months! POGGIES,fossabot,"2023-12-07 12:23:58,312"
nawh turkey tom be delulu,jackmanifolhatesme1,"2023-12-07 12:23:58,475"
Mario nevaro,quikplayz,"2023-12-07 12:23:59,639"
DO NOT ENGAGE,juicybussy36,"2023-12-07 12:23:59,926"
Commentary Youtuber KEKW,woswa1d,"2023-12-07 12:24:00,083"
youre right on the money,enby_dee,"2023-12-07 12:24:00,194"
random youtubers are trying to get view bumps,datdudeqthulu,"2023-12-07 12:24:01,900"
Pivo,aisleofcommunism,"2023-12-07 12:24:02,825"
"video essayist shit people shouldn't watch too much yt too seriously
""
",radicalaaron,"2023-12-07 12:24:03,365"
@eevee_sprinkle hasL hasL hasL,britknee420,"2023-12-07 12:24:03,694"
W H OMEGALUL,estragal,"2023-12-07 12:24:04,363"
"BetelJuice, widepeepoHappy üåà Hi bestie Flowerr para ti",yuubii__,"2023-12-07 12:24:04,392"
Turkey Tom is a POS drama YouTuber. Fuck him!!!!,uhvatilamehuja,"2023-12-07 12:24:04,392"
Not a fair take...,xiamercer,"2023-12-07 12:24:04,788"
Tim Pool calling for civil war every week,ridersonthestorm,"2023-12-07 12:24:06,819"
"Don't care what every weirdo has to say, lol
""
",simuser,"2023-12-07 12:24:07,277"
Mhm,obscure_one_,"2023-12-07 12:24:07,481"
Yeah all they do is just click chimp and then have their dumb fans come in here,nateking12,"2023-12-07 12:24:07,513"
I heard Big Bird was talking shit too,soggyburrito,"2023-12-07 12:24:07,608"
"He's a weird right wing racist troll fuck the drama bitches @HasanAbi
""
",veggietableh,"2023-12-07 12:24:09,195"
Ancient Rantsona Pissant,inkypoison,"2023-12-07 12:24:09,973"
"Kk,",roombaka,"2023-12-07 12:24:10,034"
turkey tom OMEGALUL drama farmer,moenie_was_here,"2023-12-07 12:24:10,425"
"toxicsjw, widepeepoHappy <3 hi bestie",yuubii__,"2023-12-07 12:24:11,107"
@HasanAbi https://twitter.com/mattlieb/status/1732325744225959940 did you see this banger,bortcobain,"2023-12-07 12:24:11,617"
ya they totally misrepresent what you say,h3llworld,"2023-12-07 12:24:11,941"
just got scammed outta 12k today for a car. just glad to be here with the fam. love yal,madeovhate,"2023-12-07 12:24:12,160"
"Never thought I'd hear this from this guy but here is some truth almost great comparison https://youtu.be/PLm-rrRsJXM?si=-og7O_ZOmDRhcuNU
""
",blvckrain48,"2023-12-07 12:24:12,353"
agree,lizanyasrosetoy,"2023-12-07 12:24:12,467"
lmfaooo a turkey tom,eni1ec,"2023-12-07 12:24:12,572"
"@blvckrain48, Please subscribe to post a link! [warning]",fossabot,"2023-12-07 12:24:12,655"
Clip,nateking12,"2023-12-07 12:24:13,162"
saying turkey tom is some american shit,stabdokak,"2023-12-07 12:24:13,681"
Clap,shadowliger92,"2023-12-07 12:24:13,709"
they dont care about palestinian,lionel_the_unicorn,"2023-12-07 12:24:15,122"
Not lie but you know turkey tom... but also tho,billysdojo,"2023-12-07 12:24:15,178"
!chadvice,the_dalek47,"2023-12-07 12:24:15,255"
can we stop repeating this same thing over and over and over and over and over and over and over,sathingtonw603,"2023-12-07 12:24:15,292"
"@the_dalek47 Want to be on CHADVICE where Hasan + special guests give you advice about life, relationships, etc. over Discord? Submit here: http://forms.gle/mFRkquukTiUkFupg7",fossabot,"2023-12-07 12:24:15,509"
"Fear& PODCAST - NEWEST EPISODE: The Return Of WillNeff, Cybertruck Death Trap & More | Fear&JurassicPark - https://youtu.be/TBcuQpXaY80 | POD LINKS: twitter.com/FearAndPod linktr.ee/fearand",fossabot,"2023-12-07 12:24:15,878"
@hasanabi wtf is Dracula flow,thewizardslizard,"2023-12-07 12:24:16,055"
"Twitch didn't notify me that you were live :(
""
",khakhunn,"2023-12-07 12:24:16,145"
Turkey Tom is a 17 year old slur enthusiast,pfcblueballs,"2023-12-07 12:24:16,226"
like 1:1 u nailed that persons bit without knowin em,enby_dee,"2023-12-07 12:24:16,854"
not good faith NOPERS,nayelispageti,"2023-12-07 12:24:17,628"
"He's just a turkey ü¶É that's it. Some dumb ass gobble gobble lookin ass Kappa
""
",timeswaste,"2023-12-07 12:24:17,729"
the sandwich from jimmy johns KEKW,judgeyrose,"2023-12-07 12:24:17,784"
nitpicking in an attempt to undermine to whole,n1naishere,"2023-12-07 12:24:18,605"
literally the same clips from willys dumb vid.,infam0uz07,"2023-12-07 12:24:18,743"
FUCKIN COWARD ZIONIST FUCKS,obscure_one_,"2023-12-07 12:24:19,254"
YEP they just farm engaement off u,platypus_dreaming,"2023-12-07 12:24:19,380"
@britknee420 dankHug LUBBERS,eevee_sprinkle,"2023-12-07 12:24:20,086"
turkey tom sounds like a jersey mikes order man who are these characters you bring up!,sunsetyellow,"2023-12-07 12:24:21,571"
YOUCANT ADDRESS THE TURKEY TOM ALLEGATIONS,superfast0jellyfish,"2023-12-07 12:24:21,601"
"yuubii__, elbySitti hello <3",tiamani,"2023-12-07 12:24:21,601"
"he makes decent docs but his takes on issues is still very ""I'm an unwashed edge lord""",catboy_rai,"2023-12-07 12:24:22,770"
I want a turkey sandwich now,spacecadetgalletas,"2023-12-07 12:24:23,228"
"He's an oy bruv so enough said
""
",darealwokebae,"2023-12-07 12:24:24,535"
engagement farmers,quikplayz,"2023-12-07 12:24:25,148"
Chatting,starlegend__,"2023-12-07 12:24:25,177"
"He's related to willy now show oh god
""
",mintandstrawberry,"2023-12-07 12:24:25,506"
that fucking loser will be unknown in six months,estragal,"2023-12-07 12:24:27,031"
Thought that was the Animal Crossing character,lovelele1,"2023-12-07 12:24:27,155"
@HasanAbi they still bring your catboy collector chatter drama KEKL,luscious_gandhi,"2023-12-07 12:24:27,181"
"tiamani, peepoKiss <3 hi cutie",yuubii__,"2023-12-07 12:24:27,253"
Short lived career too,ieatcerealboy,"2023-12-07 12:24:27,773"
Turkey Me?? hasD,tommyshots89,"2023-12-07 12:24:28,709"
BUSSIN,sillybilly01,"2023-12-07 12:24:29,577"
@hasanabi he just a white dude giving reasons why he wanna say the N-word,gamerupnorth,"2023-12-07 12:24:30,714"
"@yuubii__, soCute Looking hiii",toxicsjw,"2023-12-07 12:24:30,776"
"@hasanabi I'm a fan of you and he literally never shows proof I'm just curious if you e spoken on it
""
",gormorus,"2023-12-07 12:24:32,093"
@hasanabi a racist white boy that loves saying the hard R with that other freak that loves arguing they can say it,megarono,"2023-12-07 12:24:32,122"
kinda not a take at all,celestialbooboo,"2023-12-07 12:24:32,170"
"@yuubii__, hasL you survived finals (barely, presumably)",beteljuice,"2023-12-07 12:24:32,170"
YEP he can't think of any good ideas for content so he has to look at clips of you,nateking12,"2023-12-07 12:24:32,170"
sounds pretty fair to me LOL,dahuman,"2023-12-07 12:24:32,170"
how can you not have an opinion like grow up?,imupsetandthatsokay,"2023-12-07 12:24:32,245"
"NOPERS don't engage
""
",doodlebirb,"2023-12-07 12:24:32,625"
"No Donny, these men are cowards",ohbags,"2023-12-07 12:24:32,797"
!chadvice,hashishesh,"2023-12-07 12:24:33,547"
"@HasanAbi they make fun of the ""reductive argument"" america bad but keep doing the same hasan bad arguments from 3 years ago",dmhernandez,"2023-12-07 12:24:33,853"
"@HasanAbi In Germany my brother was called to pray for peace as an imam in D√ºsseldorf from the government (one of biggest cities in Germany) the highest priest from D√ºsseldorf and one of the highest rabbi from germany (he didnt even speak german) were also present. They all ""prayed"" only for the Israelis, only my brother prayed for all the victims. Some news reports badly said that he prayed for the ""victims"" in Palestine. In Germany they often say anti-Israel instead of pro-Palest",yasin4040,"2023-12-07 12:24:34,264"
"@hashishesh Want to be on CHADVICE where Hasan + special guests give you advice about life, relationships, etc. over Discord? Submit here: http://forms.gle/mFRkquukTiUkFupg7",fossabot,"2023-12-07 12:24:34,292"
"@Yasin4040, Your message is too long. Keep it under 450 characters. [warning]",fossabot,"2023-12-07 12:24:34,429"
One step from WW3 ? @HasanAbi,yass___joestar,"2023-12-07 12:24:36,182"
I think turkey tom is their imaginary friend. just go along with it,soggyburrito,"2023-12-07 12:24:36,292"
that dude is a loser lol,brotonik,"2023-12-07 12:24:36,619"
the hell is a turkey tom,tiberiumausten,"2023-12-07 12:24:36,648"
"""Hasans politics are just america bad"" mfs when their politics are only ""Hasan bad""",yuutuu,"2023-12-07 12:24:37,184"
"the mfs name is turkey tom, im good",liberacc1,"2023-12-07 12:24:38,050"
So we should respond to every weirdo that posts nonsense? Fuck that,simuser,"2023-12-07 12:24:38,168"
@Hasanabi when the Palestinians inevitably achieve liberation your work will have been a valuable contribution to making it happen,jazzkane,"2023-12-07 12:24:38,196"
"@hasanabi but that one time you said something that the drama farmers didn't like
""
",isjoltz,"2023-12-07 12:24:38,667"
nice,chupawunga,"2023-12-07 12:24:39,149"
OMEGALUL I BRUV,estragal,"2023-12-07 12:24:39,306"
EWWW he collects what,wihby,"2023-12-07 12:24:39,394"
better when you ignore them I know its annoying,h3llworld,"2023-12-07 12:24:39,691"
hasSlam hasSlam,hazmat008xxl,"2023-12-07 12:24:40,163"
Lol bro its an australian dude farming clout and drama lol,virtualmeal,"2023-12-07 12:24:40,225"
fuck off drama baiters :),jerbil_b,"2023-12-07 12:24:41,535"
a tom is a male turkey: fact.,fizgizan,"2023-12-07 12:24:41,564"
Other than they disagree with u,billysdojo,"2023-12-07 12:24:41,682"
losers then,kittymazov,"2023-12-07 12:24:41,713"
You pay their bills AintNoWay,xvirg0,"2023-12-07 12:24:42,456"
lol what,royalhi5,"2023-12-07 12:24:42,805"
Classic,gavaleus,"2023-12-07 12:24:42,903"
Was talking about them,xiamercer,"2023-12-07 12:24:43,378"
"@hasanabi my cousin is a national security advisor for Biden and Harris. he worked for Hillary under Obama. if I can talk to him, what should I say? https://en.wikipedia.org/wiki/Philip_Gordon",sam_perman,"2023-12-07 12:24:43,539"
"HES DESTINYS FRIEND, DEEP CHUD TERRITORY",porpoise_hork,"2023-12-07 12:24:43,628"
Your spot on about turkey tom,spritelass67,"2023-12-07 12:24:43,665"
@HasanAbi  https://www.reuters.com/business/retail-consumer/us-retail-lobbyists-retract-key-claim-organized-retail-crime-2023-12-06/,nexxusdk,"2023-12-07 12:24:44,969"
Pivo chatters stfu,eyesometric,"2023-12-07 12:24:45,052"
doodlL birb <3,tiamani,"2023-12-07 12:24:45,097"
KEKW catboy,veggietableh,"2023-12-07 12:24:48,399"
Pivo,chupawunga,"2023-12-07 12:24:48,483"
"azan idk if u talked bout this or if it were brought to ur attention, but did u see Tate on piss morgan talking bout Palestine? @hasanabi",joethecatgirll,"2023-12-07 12:24:48,513"
derailed,niixv,"2023-12-07 12:24:49,420"
I salute brave journalist,lizanyasrosetoy,"2023-12-07 12:24:49,727"
"just a bag of L's it seems
""
",platypus_dreaming,"2023-12-07 12:24:49,835"
Pivo,sathingtonw603,"2023-12-07 12:24:49,916"
drama mill leeches are poison,cas3_,"2023-12-07 12:24:50,889"
@ordergrowth I mean that only way to make world peace possible is if all world governments were on the page of peace without greed and corruption will that ever happen honestly I think not.,prokrassttinaytor,"2023-12-07 12:24:51,775"
i mean the clipchimps arent good faith,nayelispageti,"2023-12-07 12:24:52,620"
"@tiamani, doodlHey",doodlebirb,"2023-12-07 12:24:52,716"
wah,bizzk3t,"2023-12-07 12:24:52,838"
"Ignore that chatter, he's probably baiting you so he can clip it...
""
",uhvatilamehuja,"2023-12-07 12:24:53,824"
Clicks & Bait.,strumdogg,"2023-12-07 12:24:54,335"
"BetelJuice, I had 2 presentations today but I'm done, just took a shower and will settle down to nap at 4 Gladge
""
",yuubii__,"2023-12-07 12:24:55,513"
Drama proxy wars AintNoWay,yaystuffy,"2023-12-07 12:24:56,950"
KEKW ANCIENT MEMES,calculating_infinity,"2023-12-07 12:25:00,070"
just stop man,sathingtonw603,"2023-12-07 12:25:00,408"
YEP BINGO,n1naishere,"2023-12-07 12:25:00,888"
@DoodleBirb doodlPoint THATS A BIRB,veggietableh,"2023-12-07 12:25:01,606"
"birb i'm gonna post it Starjj
""
",beteljuice,"2023-12-07 12:25:01,634"
NODDERS,luscious_gandhi,"2023-12-07 12:25:01,738"
Concerned why do so many of you know who these shitters are,boatparade,"2023-12-07 12:25:03,655"
i pointed out turkey tom shitting on you in a yt video. posted that on twitter and got clapped @hasanabi,e1onmadetwitterfascist,"2023-12-07 12:25:04,781"
"@DoodleBirb, doodlPoint i see you",toxicsjw,"2023-12-07 12:25:04,812"
right,prole_radio,"2023-12-07 12:25:04,943"
centrist,luscious_gandhi,"2023-12-07 12:25:05,357"
YEP,xirodrigox,"2023-12-07 12:25:06,522"
EWWWW,luscious_gandhi,"2023-12-07 12:25:08,157"
"I need a @hasanbi iceberg explained, you got so many haters",guerilla_,"2023-12-07 12:25:09,287"
TurkeyTommy eh,dadepths,"2023-12-07 12:25:09,594"
"@hasanabi please stop explaining yourself to disingenuous assholes and just do you, that's what makes your stream amazing.
""
",apollonoir,"2023-12-07 12:25:10,618"
Pivo here we go chat,pockybandit,"2023-12-07 12:25:11,232"
Fuck those drama perverts touch grass instead,weakestoffliner,"2023-12-07 12:25:11,412"
Pivo fuck off drama pervs,aisleofcommunism,"2023-12-07 12:25:11,619"
ride the fence,sadiebaby222,"2023-12-07 12:25:12,154"
Der_Typ_Hier just subbed using Prime for 20 months! bleedPurple https://twitch.amazon.com/tp,fossabot,"2023-12-07 12:25:12,273"
"@gormorus thats the thing tho chatter if they can never show proof and only say it, theyre not a serious person. i respect that u come in here w honest intentions tho",enby_dee,"2023-12-07 12:25:12,666"
liberal coded,tiberiumausten,"2023-12-07 12:25:13,075"
pepeSpit,jazzkane,"2023-12-07 12:25:13,242"
I don‚Äôt understand you are a public transit advocate but stand with UAW make it me sense??,arabi1050,"2023-12-07 12:25:13,690"
"yo was it just me or did everything saw that disgusting comment left by a that chatter, saying he hopes‚Ä¶.. not going to finish that gross comment what hell is wrong with people for real! what the hell! Thank you mods you all are GOATS! ckwanHEART ckwanHEART ckwanHEART",marcopaps8,"2023-12-07 12:25:13,719"
true,quikplayz,"2023-12-07 12:25:13,719"
so they baby their viewers,lizanyasrosetoy,"2023-12-07 12:25:13,802"
"I was on a call, how the fuck did he come up here? even I don't discuss him here like that.
""
",catboy_rai,"2023-12-07 12:25:14,509"
LIBBERS Clap,xirodrigox,"2023-12-07 12:25:15,840"
5Head,brcfrmn,"2023-12-07 12:25:15,869"
"Betel YOUCANT DON'T
""
",doodlebirb,"2023-12-07 12:25:15,930"
imagine being centrist about genocide,royalhi5,"2023-12-07 12:25:16,088"
lmao,liberacc1,"2023-12-07 12:25:16,762"
I started to get random anti hasan thumbnails in my recommended. Looked clickbaity and cheap,ivan_designer,"2023-12-07 12:25:16,899"
"@yuubii__, LFGO",beteljuice,"2023-12-07 12:25:17,037"
dim tool,ajr20,"2023-12-07 12:25:17,581"
You think those drama channels would shut up after the hbomb video,cakeboss16,"2023-12-07 12:25:17,779"
BebeLa Wendigoon,da66y,"2023-12-07 12:25:17,808"
@hasanabi an https://twitter.com/PalestineNW/status/1728898644223705187?t=-RtQL0Gg6Iemdq7I042vMA&s=19,mountaingermans,"2023-12-07 12:25:19,630"
doodlRise EGGS IN CHAT,ocelotlk,"2023-12-07 12:25:19,774"
yup,leastderangedgrayname,"2023-12-07 12:25:19,809"
"""a-political""",smarcey,"2023-12-07 12:25:20,033"
"charlie, asmon BebeLa",nezerugaming,"2023-12-07 12:25:21,556"
"Watch Hasan's latest gaming video: Hasan's Perverted Suit in Spider-Man 2 - https://youtu.be/fZDleuj3F3g
""
",fossabot,"2023-12-07 12:25:22,394"
i think im not gonna take a real stance,liberacc1,"2023-12-07 12:25:23,828"
"LIBBERS it's the free market brother
""
",crimsontidalwave,"2023-12-07 12:25:23,863"
"YEP faux intellectual, bad faith, pumping out vids for a paycheck",platypus_dreaming,"2023-12-07 12:25:24,749"
"BetelJuice, Also I'm seeing 2 movies this weekend!! Poor Things tomorrow and Hunger games on Saturday!!
""
",yuubii__,"2023-12-07 12:25:24,783"
please stop,niixv,"2023-12-07 12:25:25,263"
"yeah no he's a full nazi that hides under ~edgy
""
",gothdome,"2023-12-07 12:25:25,535"
Pivo,weakestoffliner,"2023-12-07 12:25:25,978"
"Pivo i beg, no more attention for these drama-farming vile sewer rats",censoredcolors_,"2023-12-07 12:25:26,593"
"I watched some of his stuff that's a fairer take, most often it's very surface level politics
""
",radicalaaron,"2023-12-07 12:25:28,336"
Willy NO SHOW,strumdogg,"2023-12-07 12:25:28,378"
but i will hold an opinion,liberacc1,"2023-12-07 12:25:28,641"
"""pro palestinian btw but....""",dimzter,"2023-12-07 12:25:28,677"
im getting mad watching you trying to educate adult children. please take care of your mental health,enemymac,"2023-12-07 12:25:30,178"
"wihby, ALOO Hello friend",yuubii__,"2023-12-07 12:25:31,508"
"@hasanabi huge fan of you by the way just curious if you've spoken on it as I can't be there for all the live streams
""
",gormorus,"2023-12-07 12:25:31,537"
most people dont get how insanely uncommon it is to see/read about israeli soldiers falling in large numbers,greycoatss,"2023-12-07 12:25:31,703"
"I'm just an idiot but wouldn't like... Stopping US financial and military aid to Israel and sending that to Ukraine solve a lot of problems ?
""
",daveathor,"2023-12-07 12:25:33,456"
doodlPeek @toxicsjw @veggietableh,doodlebirb,"2023-12-07 12:25:33,540"
NODDERS,kitpinn,"2023-12-07 12:25:33,998"
NOTED,laserkei,"2023-12-07 12:25:34,531"
they also all  just target one person and pile on like Nick is not green,h3llworld,"2023-12-07 12:25:34,663"
Moist critical on trans issues... He avoids the topic like the plague and every day is more obvious,sunrose8,"2023-12-07 12:25:35,093"
OKAY,platypus_dreaming,"2023-12-07 12:25:35,912"
also how absolutely disgusting to use horrific situations like this for views without an opinion while spreading misinformation,imupsetandthatsokay,"2023-12-07 12:25:36,629"
"@hasanabi do you watch Owen Jones videos on YT ? He's doing an amazing job covering the conflict in UK
""
",madbirdd,"2023-12-07 12:25:37,448"
depends on the jargon,gravethedude,"2023-12-07 12:25:37,607"
Exactly,youngheartedmom,"2023-12-07 12:25:38,484"
"yuubii__, soCute Looking <3",smileyspacex,"2023-12-07 12:25:38,779"
im late to the stream. what we on about today,madeovhate,"2023-12-07 12:25:38,901"
NODDERS next post,luscious_gandhi,"2023-12-07 12:25:38,952"
"@HasanAbi will you adress the allegations that you're a cutie patootie <3
""
",witonis,"2023-12-07 12:25:39,291"
"Often extremists don't see themselves as being extreme as well. They could be lying to themselves.
""
",rawrimmazombie,"2023-12-07 12:25:39,585"
@DoodleBirb KEKW your partner badge now gives you away too easily doodlL,veggietableh,"2023-12-07 12:25:40,414"
YEP do not engage,kittymazov,"2023-12-07 12:25:40,930"
bottom barrel shit,n1naishere,"2023-12-07 12:25:41,851"
@yuubii__ Alooo yubi,wihby,"2023-12-07 12:25:42,261"
Hey hey Chat!! üëã,nickie_goldinhart,"2023-12-07 12:25:43,006"
NoThanks yt,cyniciewinikie,"2023-12-07 12:25:44,107"
YEP,sofipeach88,"2023-12-07 12:25:44,718"
"SmileySpaceX, peepoKiss <3 hi cutie",yuubii__,"2023-12-07 12:25:44,843"
"i dont think i've ever met someone who was ""apolitical"" that didnt end up being a nazi",justagirlelle,"2023-12-07 12:25:47,687"
Turkey tom is just another willy noscript,zigcarnivorous,"2023-12-07 12:25:48,405"
monkaLIB into LIBBERS into ???,crimsontidalwave,"2023-12-07 12:25:49,327"
"they also know nothing about the topic and cant challenge you directly about it so they come with the nonsense ""honest journalism"" bs",pointclickboom,"2023-12-07 12:25:50,146"
Pivo,megaphonix,"2023-12-07 12:25:53,833"
lmaooooo,liberacc1,"2023-12-07 12:25:54,130"
Starjj TeaTime Petty Drama is such an energy sinkhole.,eevee_sprinkle,"2023-12-07 12:25:54,201"
Stop engaging in petty drama chatters,greentea_ocha,"2023-12-07 12:25:54,428"
im so tired that i dont know who is causing drama bating/farming,tiberiumausten,"2023-12-07 12:25:54,548"
@nickie_goldinhart hi friend <3,mischalux,"2023-12-07 12:25:57,315"
@zigcarnivorous yeah,enby_dee,"2023-12-07 12:25:57,724"
just curious,frank_s_art,"2023-12-07 12:25:57,847"
PogO jc andies stfu,obviousconman,"2023-12-07 12:25:58,543"
smHead,sandehhhhh,"2023-12-07 12:25:58,574"
@veggietableh doodlPanic i need to hide it,doodlebirb,"2023-12-07 12:25:58,624"
hasCringe mods saying hi to each other,sillybilly01,"2023-12-07 12:25:58,704"
Pivo,depressedaether,"2023-12-07 12:25:59,362"
Pivo,laserkei,"2023-12-07 12:25:59,772"
Pivo CHATTER,deleeson,"2023-12-07 12:26:00,080"
BebeLa jc andy,pockybandit,"2023-12-07 12:26:00,387"
and you shouldnt,kitpinn,"2023-12-07 12:26:00,511"
hasRant,ivan_designer,"2023-12-07 12:26:00,553"
N OMEGALUL,ellietinybelly,"2023-12-07 12:26:00,628"
EZ,bebop_sam,"2023-12-07 12:26:00,814"
KEKW,yuutuu,"2023-12-07 12:26:00,872"
@yuubii__ Alooo boss Salute,tiredsnowhite,"2023-12-07 12:26:01,338"
fuck drama farmers,h3llworld,"2023-12-07 12:26:02,537"
BebeLa JC,niceharris,"2023-12-07 12:26:02,568"
Classic,viazzzz,"2023-12-07 12:26:02,568"
ICANT,aisleofcommunism,"2023-12-07 12:26:03,356"
"Thank you Hasan, from your coverage of the Palestine situation I've been able to talk with friends and family about it, bringing more awareness to this matter where I live. So thank you <3
""
",guuguuuuu,"2023-12-07 12:26:03,410"
Pivo drama,depressedaether,"2023-12-07 12:26:03,984"
Pivo,luna__rae,"2023-12-07 12:26:04,995"
Pivo,stewie86,"2023-12-07 12:26:05,110"
Pivo,moenie_was_here,"2023-12-07 12:26:05,148"
Timcast always sayin he‚Äôs a fuckin lefty,stp196,"2023-12-07 12:26:06,012"
"wihby, ALOO I got matcha milk tea with boba, what kinda boba do you like?",yuubii__,"2023-12-07 12:26:06,407"
GET IN PogO üëâ üåã GET IN PogO üëâ üåã GET IN PogO üëâ üåã GET IN PogO üëâ üåã GET IN PogO üëâ üåã GET IN PogO üëâ üåã GET IN PogO üëâ üåã GET IN PogO üëâ üåã,mijnboot,"2023-12-07 12:26:06,471"
OMEGALUL,barbxlahey,"2023-12-07 12:26:06,566"
Pivo drama frogs,sniipps,"2023-12-07 12:26:06,596"
do not,onionsat3am,"2023-12-07 12:26:07,555"
Pivo,niixv,"2023-12-07 12:26:07,741"
Classic chatter,sillybilly01,"2023-12-07 12:26:07,998"
Chatting can you inform me of drama farming,eyesometric,"2023-12-07 12:26:08,142"
LUL wtf,halfnote_the_bard,"2023-12-07 12:26:09,217"
"I've been advocating for a ceasefire on campus and my roomates have been calling me a white supremacist becaue criticising Israel is antisemitic and ""antisemitism is one of the pillars of white supremacy."" they've been calling me a baby decapitator and stuff which makes me feel sick to my stomach, then i see shaun king's instagram post and i have to slap myself for feeling self pity when palestinians are witnessing their families being killed @HasanAbi",toefungus2,"2023-12-07 12:26:10,633"
yep,progressioneightthree,"2023-12-07 12:26:10,745"
"smHead ""Just curious""",sandehhhhh,"2023-12-07 12:26:10,813"
"@toefungus2, Your message is too long. Keep it under 450 characters. [warning]",fossabot,"2023-12-07 12:26:11,139"
"As I see it, Hasanabi attracts all the drama farmers.",alejandrathatsme,"2023-12-07 12:26:11,174"
peepoSmile üëâ üåã get in,depressedaether,"2023-12-07 12:26:11,957"
Go elsewhere weirdos,simuser,"2023-12-07 12:26:12,983"
Drama farmers NotLikeThis,guerilla_,"2023-12-07 12:26:13,118"
If you care more about like the clips that this guy makes over dead kids like you got to take a long look at yourself,nateking12,"2023-12-07 12:26:15,133"
@mischalux hasL,nickie_goldinhart,"2023-12-07 12:26:15,441"
BebeLa,kalcoomingham,"2023-12-07 12:26:15,747"
we car,chrisvmusic,"2023-12-07 12:26:16,231"
Classic,bebop_sam,"2023-12-07 12:26:16,261"
"You are sick, seek help KEKL",smarcey,"2023-12-07 12:26:16,526"
no üíñ,lizanyasrosetoy,"2023-12-07 12:26:16,637"
learn,progressioneightthree,"2023-12-07 12:26:16,749"
hasCringe,yamina8,"2023-12-07 12:26:17,072"
widepeepoHappy üå∑,barbxlahey,"2023-12-07 12:26:17,102"
doodlRise ON TREES!!! ON DOGS!!!,ocelotlk,"2023-12-07 12:26:17,242"
chatter,kishmish00,"2023-12-07 12:26:17,942"
are you going to talk about Venezuela and Guyana,mathewadamira,"2023-12-07 12:26:17,970"
lol,tortuges_,"2023-12-07 12:26:18,142"
no one is apolitical,imupsetandthatsokay,"2023-12-07 12:26:18,245"
TAPTHEGLASS,tiamani,"2023-12-07 12:26:19,106"
hasL,halestormuo,"2023-12-07 12:26:19,263"
No drama but class war hasRaid,weakestoffliner,"2023-12-07 12:26:19,370"
maybe find another place to hang out,soggyburrito,"2023-12-07 12:26:19,741"
HUH KEKL more drama seeking,craven_darkshadow,"2023-12-07 12:26:19,769"
@yuubii__ Alooo boba so too much sugar for me,wihby,"2023-12-07 12:26:20,356"
LOVE YOUR COVERAGE OF THE GENOCIDE IN GAZA,carioca212,"2023-12-07 12:26:20,385"
thank god,funkisthis,"2023-12-07 12:26:21,174"
hiiii,monteepythonn,"2023-12-07 12:26:22,097"
hasL hasL,afterbertha,"2023-12-07 12:26:24,247"
exactly,imupsetandthatsokay,"2023-12-07 12:26:25,577"
open your mind,progressioneightthree,"2023-12-07 12:26:25,609"
Pivo,zevoozu,"2023-12-07 12:26:26,500"
TAPTHEGLASS everyone tap the glass,tiamani,"2023-12-07 12:26:27,113"
sigh,sadiebaby222,"2023-12-07 12:26:27,235"
@yuubii__ Alooo has,wihby,"2023-12-07 12:26:27,438"
whats the next grift? hasRaid,crimsontidalwave,"2023-12-07 12:26:27,468"
Classic chatters,bebop_sam,"2023-12-07 12:26:27,519"
I love this no drama arc,kuza__,"2023-12-07 12:26:27,599"
im just a geopolitics nerd,brcfrmn,"2023-12-07 12:26:27,679"
the goal is to waste your time,adk_215,"2023-12-07 12:26:28,072"
"half of the videos like are video games in the background and at least one line along the lines of ""I don't want to get into the politics of this, buuuuut-""",comradelamb,"2023-12-07 12:26:28,650"
yessir,dlowenoho,"2023-12-07 12:26:28,776"
"@MathewAdamira, he did",r33s3sp13c3s,"2023-12-07 12:26:28,824"
Pivo good lord he cant stop,niixv,"2023-12-07 12:26:29,264"
i wouldnt talk down on catboys if i were you chat they got Sharp Claws GayPride,grimdarkfuturebikes,"2023-12-07 12:26:30,391"
cspCancel,malformednpc,"2023-12-07 12:26:30,420"
hasL hasL hasL hasL,weakestoffliner,"2023-12-07 12:26:30,800"
Whats the drama this time?,nickie_goldinhart,"2023-12-07 12:26:31,448"
"genuine question how do you argue with someone who argues any point you make is based on propaganda/lie, seems like a dead end every time on either side",zoogus_,"2023-12-07 12:26:31,927"
hasL hasL hasL,user_lurking,"2023-12-07 12:26:32,439"
most people are too distracted by things,mgn2x0x,"2023-12-07 12:26:33,975"
zei saying bari weiss is the one who put a target on refaat https://twitter.com/zei_squirrel/status/1732858374365028508,jerbil_b,"2023-12-07 12:26:34,004"
15mins,adk_215,"2023-12-07 12:26:34,126"
hasL hasL hasL,friedr1ce,"2023-12-07 12:26:34,487"
Hasan cover news. Other farm drama big difference.,mrcooldz,"2023-12-07 12:26:35,307"
"tiredsnowhite, Salute hello my employee, we need to stay vigelent since neither of the chatters have paid me back",yuubii__,"2023-12-07 12:26:35,490"
hasL,yetik,"2023-12-07 12:26:36,415"
blissfully unaware of todays drama widepeepoHappy,yourpolyesterqueen,"2023-12-07 12:26:37,662"
@hasanabi these worthless bitch ass drama pervert clout chasers will always try to siphon off you because they keep smelling the syrup. They aren‚Äôt worth your time other than making content by dunking on thehasRaid Ôøº hasL,ohma330,"2023-12-07 12:26:39,608"
"@OcelotLK, doodlL",doodlebirb,"2023-12-07 12:26:39,717"
yup,n1naishere,"2023-12-07 12:26:40,325"
hasL love you for that King,ridersonthestorm,"2023-12-07 12:26:41,963"
nah people are too lazy lol,dahuman,"2023-12-07 12:26:42,250"
hasL,stewie86,"2023-12-07 12:26:42,782"
@Prokrassttinaytor Maybe a simpler question is how you get 2 groups of 2 people to work together.,ordergrowth,"2023-12-07 12:26:43,294"
"Thank you so much for your coverage! Love you, Hasan ‚ù§Ô∏è",kendilou_2,"2023-12-07 12:26:43,452"
hasL,ocelotlk,"2023-12-07 12:26:44,319"
that jacket colour really looks nice on you hasanabi,platypus_dreaming,"2023-12-07 12:26:44,346"
Refaat has just been killed in an airstrike sadly @hasanabi,duuman7,"2023-12-07 12:26:44,534"
Voiceless or now deceased,lizanyasrosetoy,"2023-12-07 12:26:46,162"
‚ô°,aeranea,"2023-12-07 12:26:46,776"
Classic drama peds,jh_thebrickman,"2023-12-07 12:26:48,620"
YOUCANT YOU CANT HANDLE THE TRUTH,xirodrigox,"2023-12-07 12:26:50,155"
"Yep hey if you really think he said that why don't you research it more chatters go watch a full stream
""
",nateking12,"2023-12-07 12:26:50,184"
@HasanAbi the Israelism documentary is available on demand globally now,nayelispageti,"2023-12-07 12:26:50,472"
chat did he cover the kidnapping of civilians sheltering at UN schools by theIDF ? @HasanAbi,kassa10,"2023-12-07 12:26:51,211"
dsaL hasL daphHeart,doomsdayclock4,"2023-12-07 12:26:52,204"
did you get news from norm hasanabi hasL,macmich97,"2023-12-07 12:26:53,125"
agreed,tolumnias,"2023-12-07 12:26:53,152"
What do you think of the Germany Immigration policy change?,mykozama_,"2023-12-07 12:26:53,325"
we love you king,mischalux,"2023-12-07 12:26:53,512"
hasL,veganpiano789,"2023-12-07 12:26:53,842"
@wihby HYPERNODDERS BobaTime ...but sugar make brain go *brrr*,eevee_sprinkle,"2023-12-07 12:26:54,251"
they hate reading,starlegend__,"2023-12-07 12:26:54,506"
@hasanabi I love how caring u areüíïüíïüíïüíïüíïüíïüíïüíòüíòüíò,marimew12,"2023-12-07 12:26:54,968"
*them,ohma330,"2023-12-07 12:26:57,017"
Right Side of History! Stay strong!,enemymac,"2023-12-07 12:26:58,451"
people can‚Äôt even check George santos sources,pinto_beanz,"2023-12-07 12:26:58,479"
OKAY,luscious_gandhi,"2023-12-07 12:26:58,527"
@n1naishere elbyDANKIES <3,tiamani,"2023-12-07 12:26:58,606"
"as hbomberguy proved, it takes time to research",dr1ushatv,"2023-12-07 12:27:00,009"
Azan sources are A+ I can confirm,tiberiumausten,"2023-12-07 12:27:00,546"
"@duuman7, we covered that earlier üòî RIP",beteljuice,"2023-12-07 12:27:01,010"
uhnHeart uhnHeart uhnHeart uhnHeart,sapphire_tears,"2023-12-07 12:27:01,830"
EWWW READING,megaphonix,"2023-12-07 12:27:02,548"
fuck em you doing god work,mgn2x0x,"2023-12-07 12:27:02,587"
"@YourPolyesterQueen yeah I'm a bit lost too other than general knowledge of the names being mentioned
""
",catboy_rai,"2023-12-07 12:27:02,763"
Fuck losers like IRI as well. I lost all respect for that dudw,amarettorawr,"2023-12-07 12:27:03,051"
@wihby Nono sugar makes me tired,wihby,"2023-12-07 12:27:03,208"
@yuubii__ fashio7Riot on it boss Salute,tiredsnowhite,"2023-12-07 12:27:03,878"
"wihby, ALOO You can always order with less sugar, I always get between 0-30% sweetness depending on the drink",yuubii__,"2023-12-07 12:27:04,020"
KING @hasanabi YOU ARE CARRYING SOOOOOO FUCKIN HARD ! KEEP IT UP KING hasRight hasHAAA hasLeft hasBuff hasFlex leftfl1Free,obscure_one_,"2023-12-07 12:27:04,183"
nah dude better coverage here than most shit,radicalaaron,"2023-12-07 12:27:04,595"
Nono READING,laserkei,"2023-12-07 12:27:04,902"
"Watch Hasan's latest video on his main channel! Media LIES about Israeli Restaurant Protest. - https://youtu.be/MEEnbH9AasI
""
",fossabot,"2023-12-07 12:27:04,930"
hasL üíú,ocelotlk,"2023-12-07 12:27:05,070"
I have a problem with your coverege. But finding out on my own seems like work so no thanks,sunrose8,"2023-12-07 12:27:05,311"
NOOO reading????,doomsdayclock4,"2023-12-07 12:27:05,406"
"drama farmers are pretty boring, please don't bring one on again unless you vet them lol
""
",projectflo,"2023-12-07 12:27:05,481"
EWWW reading,superlongyellowusername,"2023-12-07 12:27:05,525"
do you own research HOGGERS,notoriousqv,"2023-12-07 12:27:05,690"
love your coverage,carioca212,"2023-12-07 12:27:05,749"
Pivo,sathingtonw603,"2023-12-07 12:27:06,028"
D: READING?,jacepatrick,"2023-12-07 12:27:06,335"
@duuman7 we already did a poetry reading Sadge,haplo3kol,"2023-12-07 12:27:07,193"
hasL,muhmed2,"2023-12-07 12:27:07,611"
hasL,sofipeach88,"2023-12-07 12:27:07,816"
YOUCANT i wont read,poeticram,"2023-12-07 12:27:08,338"
hasL,itbeprolly,"2023-12-07 12:27:09,612"
nich21Love,acekabogen_,"2023-12-07 12:27:10,227"
ICANT READING,mijnboot,"2023-12-07 12:27:10,311"
The sources are the best part about hasans stream,coopaloops30,"2023-12-07 12:27:10,944"
"@zoogus_ you can't argue with those people. I just move on myself
""
",mountaingermans,"2023-12-07 12:27:10,972"
<3 <3 <3 <3 <3 <3 <3,sadiebaby222,"2023-12-07 12:27:11,081"
hasL,delzounmora,"2023-12-07 12:27:11,558"
@hasanabi fair apologies,gormorus,"2023-12-07 12:27:11,710"
hasL hasL hasL hasL hasL hasL,dreamcatxx,"2023-12-07 12:27:11,739"
hasL,eyezra_,"2023-12-07 12:27:12,581"
from time to time,lovleangelique,"2023-12-07 12:27:12,988"
hasL,justagirlelle,"2023-12-07 12:27:13,308"
has is right bro,progressioneightthree,"2023-12-07 12:27:14,016"
Waiting no reading please,depressedaether,"2023-12-07 12:27:14,732"
You use Al Jazeera HOGGERS LIBBERS biased coverage,lamfadha,"2023-12-07 12:27:14,760"
fully normal and valid tbh,platypus_dreaming,"2023-12-07 12:27:14,828"
hasL,asterz573,"2023-12-07 12:27:14,979"
slight anti American bias,crimsontidalwave,"2023-12-07 12:27:15,551"
hasL hasL hasL hasL,iluvberri,"2023-12-07 12:27:15,860"
fuck dem drama frogs,sirsablex,"2023-12-07 12:27:16,371"
